iteration	loss	n_p	w_0	w_1	ID	y	yhat
0	-0.0003044111732731745	32	-1.0	3.0	2CV4_J	0.0	0.000304364844892996
1	-7.971777961164377e-05	125	-1.0	3.0	6PT1_D	0.0	7.97146022338799e-05
2	-0.0008373538063213102	11	-1.0	3.0	1VKW_A	0.0	0.000837003323455739
3	-0.11967113562932215	33	-1.0005096833172644	2.9997326765318473	2JDU_D	0.0	0.11278783878531279
4	-0.010094821571732743	0	-1.0005096833172644	2.9997326765318473	4NRH_D	0.0	0.010044039881468868
5	-0.0007729170758817969	12	-1.0005096833172644	2.9997326765318473	4LY3_B	0.0	0.0007726184524206822
6	-0.0033536304313357035	2	-1.0005096833172644	2.9997326765318473	3ALT_D	0.0	0.003348013293822956
7	-5.580177845398666e-05	179	-1.0005096833172644	2.9997326765318473	4EFX_D	0.0	5.5800221563715936e-05
8	-0.23011103682112927	38	-1.003025309830653	2.9994471027970984	3IF5_A	0.0	0.2055546150843774
9	-0.001116627627922959	8	-1.003025309830653	2.9994471027970984	7LNX_B	0.0	0.0011160044312743186
10	-0.0008373538063213102	11	-1.003025309830653	2.9994471027970984	3W5F_B	0.0	0.000837003323455739
11	-0.0016754093616929682	5	-1.003025309830653	2.9994471027970984	2PMQ_B	0.0	0.001674006646911478
12	-0.001116627627922959	8	-1.003025309830653	2.9994471027970984	5ZKN_A	0.0	0.0011160044312743186
13	-0.0006698269427512601	14	-1.003025309830653	2.9994471027970984	2B82_B	0.0	0.0006696026587645912
14	-0.010094821571732743	0	-1.003025309830653	2.9994471027970984	1M8V_U	0.0	0.010044039881468868
15	-0.019711774951250458	51	-1.0030168751115909	2.999451931028018	1QZ6_A	0.0	0.019518768164579908
16	-0.0016754093616929682	5	-1.0030168751115909	2.999451931028018	1FTR_D	0.0	0.001674006646911478
17	-0.010094821571732743	0	-1.0030168751115909	2.999451931028018	5H3V_B	0.0	0.010044039881468868
18	-0.0007176888971816803	13	-1.0030168751115909	2.999451931028018	7RYL_D	0.0	0.0007174314201049191
19	-0.00023917240614146584	41	-1.0030168751115909	2.999451931028018	1CD2_A	0.0	0.0002391438067016397
20	-0.00012101985129915124	82	-1.0030168751115909	2.999451931028018	4V3F_D	0.0	0.000121012528692396
21	-0.001116627627922959	8	-1.0030168751115909	2.999451931028018	3RY5_A	0.0	0.0011160044312743186
22	-0.00013392949990797504	74	-1.0030168751115909	2.999451931028018	2ZMD_A	0.0	0.00013392053175291825
23	-0.010094821571732743	0	-1.0030168751115909	2.999451931028018	5CD9_A	0.0	0.010044039881468868
24	-7.495833080897949e-05	133	-1.0030168751115909	2.999451931028018	4I7Y_L	0.0	7.495552150349901e-05
25	-0.0685214842153754	27	-1.0035023671170522	2.9993283162987328	7OPQ_B	0.0	0.06622660150078549
26	-0.0014358932416694474	6	-1.0035023671170522	2.9993283162987328	5ZG8_A	0.0	0.0014348628402098382
27	-0.0033536304313357035	2	-1.0035023671170522	2.9993283162987328	6LXH_C	0.0	0.003348013293822956
28	-0.0016754093616929682	5	-1.0035023671170522	2.9993283162987328	3REM_B	0.0	0.001674006646911478
29	-0.00037207068680557666	26	-1.0035023671170522	2.9993283162987328	7AAS_F	0.0	0.00037200147709143955
30	-6.238728692497197e-05	160	-1.0035023671170522	2.9993283162987328	1ENU_A	0.0	6.238534087868862e-05
31	-0.0020108283371680245	4	-1.0035023671170522	2.9993283162987328	4D6W_C	0.0	0.0020088079762937737
32	-0.005034672662132478	1	-1.0035023671170522	2.9993283162987328	4OI6_B	0.0	0.005022019940734434
33	-0.007661294183421631	139	-1.003475036427209	2.9993338559987848	1IYO_A	0.0	0.007632021272968397
34	-0.0005287734540171983	18	-1.003475036427209	2.9993338559987848	2C7T_A	0.0	0.0005286336779720456
35	-0.005349961305069355	200	-1.0034600316500817	2.999328429893502	5HAC_F	0.0	0.005335675749164092
36	-0.0007729170758817969	12	-1.0034600316500817	2.999328429893502	4K0C_B	0.0	0.0007726184524206822
37	-0.0012562937918704166	7	-1.0034600316500817	2.999328429893502	1OG6_C	0.0	0.0012555049851836085
38	-0.01338219833777145	55	-1.0037486951176962	2.9993135500913075	2VB7_D	0.0	0.013293054810103148
39	-0.001116627627922959	8	-1.0037486951176962	2.9993135500913075	3FM7_F	0.0	0.0011160044312743186
40	-0.005034672662132478	1	-1.0037486951176962	2.9993135500913075	5Z8X_D	0.0	0.005022019940734434
41	-6.879716017904825e-05	145	-1.0037486951176962	2.9993135500913075	6HX8_F	0.0	6.879479370869087e-05
42	-0.0002232257992797805	44	-1.0037486951176962	2.9993135500913075	5IFY_F	0.0	0.00022320088625486374
43	-0.010094821571732743	0	-1.0037486951176962	2.9993135500913075	1Y07_D	0.0	0.010044039881468868
44	-0.0008373538063213102	11	-1.0037486951176962	2.9993135500913075	1D2G_B	0.0	0.000837003323455739
45	-0.0001731880975974749	57	-1.0037486951176962	2.9993135500913075	7QG5_B	0.0	0.00017317310140463566
46	-0.0003348573878600796	29	-1.0037486951176962	2.9993135500913075	1MJT_B	0.0	0.0003348013293822956
47	-0.020463592499974557	245	-1.003749337926108	2.999319441670705	1CD0_B	0.0	0.02025563413177754
48	-0.005034672662132478	1	-1.003749337926108	2.999319441670705	3QS2_B	0.0	0.005022019940734434
49	-0.01692412507705383	1819	-1.0037267178637355	2.9993252481202424	6AWN_C	0.0	0.016781716583721105
50	-0.010094821571732743	0	-1.0037267178637355	2.9993252481202424	4E8X_A	0.0	0.010044039881468868
51	-0.0005287734540171983	18	-1.0037267178637355	2.9993252481202424	4ITH_B	0.0	0.0005286336779720456
52	-2.3857861512101548e-05	420	-1.0037267178637355	2.9993252481202424	5R2M_A	0.0	2.3857576915603013e-05
53	-0.0014358932416694474	6	-1.0037267178637355	2.9993252481202424	6PKI_D	0.0	0.0014348628402098382
54	-0.012430434062008578	585	-1.0036996542537313	2.999332592276851	4F58_O	0.0	0.012353495340380521
55	-0.00026435177683824165	37	-1.0036996542537313	2.999332592276851	2IGM_H	0.0	0.0002643168389860228
56	-0.0012562937918704166	7	-1.0036996542537313	2.999332592276851	3QPR_G	0.0	0.0012555049851836085
57	-0.0033536304313357035	2	-1.0036996542537313	2.999332592276851	1V2F_B	0.0	0.003348013293822956
58	-0.010094821571732743	0	-1.0036996542537313	2.999332592276851	2XGF_C	0.0	0.010044039881468868
59	-0.0009135116594292068	10	-1.0036996542537313	2.999332592276851	5Y2E_D	0.0	0.000913094534678988
60	-0.00021837253462192593	45	-1.0036996542537313	2.999332592276851	7D2I_A	0.0	0.00021834869307541015
61	-0.00010573232505967519	94	-1.0036996542537313	2.999332592276851	1KZ7_D	0.0	0.00010572673559440913
62	-0.0033536304313357035	2	-1.0036996542537313	2.999332592276851	4AFL_F	0.0	0.003348013293822956
63	-0.0006279496116868011	15	-1.0036996542537313	2.999332592276851	4WVC_B	0.0	0.0006277524925918042
64	-2.340981318600487	11	-1.0126727244260079	2.997443343651713	6WO0_A	1.0	0.09623315649328157
65	-0.04643726482906695	44	-1.0126076137731355	2.9974768726235146	5LZI_E	0.0	0.04537555278067572
66	-0.0016754093616929682	5	-1.0126076137731355	2.9974768726235146	2V3G_A	0.0	0.001674006646911478
67	-0.0020108283371680245	4	-1.0126076137731355	2.9974768726235146	6ZEP_A	0.0	0.0020088079762937737
68	-0.00022829969206134785	43	-1.0126076137731355	2.9974768726235146	4EGA_B	0.0	0.000228273633669747
69	-0.005034672662132478	1	-1.0126076137731355	2.9974768726235146	5L2Q_D	0.0	0.005022019940734434
70	-0.0006698269427512601	14	-1.0126076137731355	2.9974768726235146	7EPS_D	0.0	0.0006696026587645912
71	-0.0014358932416694474	6	-1.0126076137731355	2.9974768726235146	3B03_D	0.0	0.0014348628402098382
72	-0.0020108283371680245	4	-1.0126076137731355	2.9974768726235146	2J67_B	0.0	0.0020088079762937737
73	-0.00020090097687925506	49	-1.0126076137731355	2.9974768726235146	2BZS_B	0.0	0.00020088079762937736
74	-8.233158490163877e-05	121	-1.0126076137731355	2.9974768726235146	4CEA_B	0.0	8.232819574974483e-05
75	-0.0025141678433108256	3	-1.0126076137731355	2.9974768726235146	3HHS_B	0.0	0.002511009970367217
76	-0.001116627627922959	8	-1.0126076137731355	2.9974768726235146	6CEE_A	0.0	0.0011160044312743186
77	-4.5041551940499406e-05	222	-1.0126076137731355	2.9974768726235146	1AH0_A	0.0	4.504053758506219e-05
78	-0.005034672662132478	1	-1.0126076137731355	2.9974768726235146	6XFU_B	0.0	0.005022019940734434
79	-0.011057400288540633	302	-1.0129019454541377	2.997475767009983	3DL4_B	0.0	0.010996491940673795
80	-0.017597588170835905	2005	-1.0129027398986514	2.9974756881727997	3BKC_L	0.0	0.01744365489020512
81	-0.005034672662132478	1	-1.0129027398986514	2.9974756881727997	4V0M_H	0.0	0.005022019940734434
82	-0.005034672662132478	1	-1.0129027398986514	2.9974756881727997	3S5W_B	0.0	0.005022019940734434
83	-0.0004784020294078214	20	-1.0129027398986514	2.9974756881727997	3F1P_B	0.0	0.0004782876134032794
84	-0.00017025245621962924	58	-1.0129027398986514	2.9974756881727997	5FH5_A	0.0	0.00017023796409269267
85	-0.0014358932416694474	6	-1.0129027398986514	2.9974756881727997	5VSL_B	0.0	0.0014348628402098382
86	-0.022003293259658246	92	-1.0128929334001968	2.9974787855415137	7OOV_A	0.0	0.021762986542587296
87	-0.0026371363418678066	266	-1.0129626046211073	2.997467646640134	1MQD_D	0.0	0.0026336621524664255
88	-0.003245682706442172	334	-1.0129475711097466	2.997470050969672	2TRM_A	0.0	0.0032404211722894642
89	-0.0006279496116868011	15	-1.0129475711097466	2.997470050969672	5GI4_B	0.0	0.0006277524925918042
90	-0.005034672662132478	1	-1.0129475711097466	2.997470050969672	2IIU_C	0.0	0.005022019940734434
91	-0.0012562937918704166	7	-1.0129475711097466	2.997470050969672	5O2O_A	0.0	0.0012555049851836085
92	-0.0008373538063213102	11	-1.0129475711097466	2.997470050969672	4DN5_B	0.0	0.000837003323455739
93	-0.0012562937918704166	7	-1.0129475711097466	2.997470050969672	4RNI_B	0.0	0.0012555049851836085
94	-0.0002790400358684292	35	-1.0129475711097466	2.997470050969672	5XHL_B	0.0	0.00027900110781857966
95	-0.0002954565806875356	33	-1.0129475711097466	2.997470050969672	6XND_D	0.0	0.00029541293769026083
96	-0.00013216715318640655	75	-1.0129475711097466	2.997470050969672	5FHR_B	0.0	0.0001321584194930114
97	-0.013845474129151124	145	-1.012950616909491	2.997467320312641	5FIN_A	0.0	0.013750066381623259
98	-0.00034640619450769815	28	-1.012950616909491	2.997467320312641	1AW2_K	0.0	0.0003463462028092713
99	-0.0004185892579885955	23	-1.012950616909491	2.997467320312641	2ZYA_B	0.0	0.0004185016617278695
100	-0.01684205477491424	366	-1.0129252528982884	2.997478276941227	7A9U_AAA	0.0	0.016701020250790975
101	-0.004309101404102606	234	-1.0129254636333844	2.997477774034013	5OJC_A	0.0	0.004299830547780882
102	-0.0009135116594292068	10	-1.0129254636333844	2.997477774034013	1SQB_K	0.0	0.000913094534678988
103	-2.6257282566750053	46	-1.0211144115610806	2.9956279055426416	5I4V_F	1.0	0.07238702150248773
104	-0.0008373538063213102	11	-1.0211144115610806	2.9956279055426416	1XRM_A	0.0	0.000837003323455739
105	-0.005034672662132478	1	-1.0211144115610806	2.9956279055426416	3O7Q_A	0.0	0.005022019940734434
106	-0.012586920608400163	78	-1.021141327976904	2.995611004412254	4Y11_I	0.0	0.012508036638818094
107	-0.0010049087398440258	9	-1.021141327976904	2.995611004412254	3D5Z_A	0.0	0.0010044039881468869
108	-0.010094821571732743	0	-1.021141327976904	2.995611004412254	6JD6_B	0.0	0.010044039881468868
109	-0.0012562937918704166	7	-1.021141327976904	2.995611004412254	5D2R_A	0.0	0.0012555049851836085
110	-0.0025141678433108256	3	-1.021141327976904	2.995611004412254	1M44_B	0.0	0.002511009970367217
111	-0.00031392551575480264	31	-1.021141327976904	2.995611004412254	6TB1_B	0.0	0.0003138762462959021
112	-0.0033536304313357035	2	-1.021141327976904	2.995611004412254	2O6Y_H	0.0	0.003348013293822956
113	-0.0004185892579885955	23	-1.021141327976904	2.995611004412254	2ZYG_B	0.0	0.0004185016617278695
114	-0.0009135116594292068	10	-1.021141327976904	2.995611004412254	3EN1_B	0.0	0.000913094534678988
115	-0.0001395102850165995	71	-1.021141327976904	2.995611004412254	4ZFI_D	0.0	0.00013950055390928983
116	-0.00012101985129915124	82	-1.021141327976904	2.995611004412254	5AUT_A	0.0	0.000121012528692396
117	-0.005580413671081497	176	-1.0211550068311288	2.995602211383174	5JML_B	0.0	0.0055648720856421455
118	-0.0009135116594292068	10	-1.0211550068311288	2.995602211383174	3TTA_A	0.0	0.000913094534678988
119	-0.0016754093616929682	5	-1.0211550068311288	2.995602211383174	3OEB_A	0.0	0.001674006646911478
120	-0.0025141678433108256	3	-1.0211550068311288	2.995602211383174	6Z38_A	0.0	0.002511009970367217
121	-0.00011545539898780127	86	-1.0211550068311288	2.995602211383174	1HSO_B	0.0	0.0001154487342697571
122	-0.00012101985129915124	82	-1.0211550068311288	2.995602211383174	6HKY_C	0.0	0.000121012528692396
123	-0.0025141678433108256	3	-1.0211550068311288	2.995602211383174	5GYJ_A	0.0	0.002511009970367217
124	-0.0025141678433108256	3	-1.0211550068311288	2.995602211383174	3UJM_B	0.0	0.002511009970367217
125	-0.010094821571732743	0	-1.0211550068311288	2.995602211383174	1QFX_B	0.0	0.010044039881468868
126	-0.01712957270434184	1975	-1.021165490858387	2.9956039860714707	6AZX_D	0.0	0.016983695698379736
127	-0.005034672662132478	1	-1.021165490858387	2.9956039860714707	4NPO_B	0.0	0.005022019940734434
128	-0.00015695043922382717	63	-1.021165490858387	2.9956039860714707	6LJV_A	0.0	0.00015693812314795106
129	-0.016472736664611527	1808	-1.021143722965889	2.9956093779278903	6UGT_L	0.0	0.016337803062513073
130	-0.0010049087398440258	9	-1.021143722965889	2.9956093779278903	6Q2C_B	0.0	0.0010044039881468869
131	-4.7378668962071805e-05	211	-1.021143722965889	2.9956093779278903	2ZG9_X	0.0	4.737754661070221e-05
132	-0.00868863433091555	233	-1.021139451846718	2.995610962558329	5KR8_A	0.0	0.008650997231524987
133	-0.046169783204375654	21	-1.0211981187302197	2.995609751425491	4G7A_B	0.0	0.04512017412953781
134	-0.005034672662132478	1	-1.0211981187302197	2.995609751425491	2P8I_D	0.0	0.005022019940734434
135	-0.008263234856980627	946	-1.0212162627022288	2.9956047621714865	2R1X_B	0.0	0.008229188174946975
136	-0.0016754093616929682	5	-1.0212162627022288	2.9956047621714865	2V9R_A	0.0	0.001674006646911478
137	-0.0003044111732731745	32	-1.0212162627022288	2.9956047621714865	6NV8_B	0.0	0.000304364844892996
138	-0.00034640619450769815	28	-1.0212162627022288	2.9956047621714865	6B06_C	0.0	0.0003463462028092713
139	-0.0020108283371680245	4	-1.0212162627022288	2.9956047621714865	4ROB_C	0.0	0.0020088079762937737
140	-0.008958872794640143	98	-1.0213124358263954	2.995587472871448	6UIM_A	0.0	0.008918861667781032
141	-0.010094821571732743	0	-1.0213124358263954	2.995587472871448	2PHP_E	0.0	0.010044039881468868
142	-0.0012562937918704166	7	-1.0213124358263954	2.995587472871448	1XGM_B	0.0	0.0012555049851836085
143	-0.001116627627922959	8	-1.0213124358263954	2.995587472871448	7KB3_D	0.0	0.0011160044312743186
144	-0.0020108283371680245	4	-1.0213124358263954	2.995587472871448	5W48_B	0.0	0.0020088079762937737
145	-0.0008373538063213102	11	-1.0213124358263954	2.995587472871448	6C9Z_B	0.0	0.000837003323455739
146	-0.010679226772316043	728	-1.021335242641901	2.9955823229408094	4ZFP_A	0.0	0.010622406276285308
147	-0.0025141678433108256	3	-1.021335242641901	2.9955823229408094	1U4Q_B	0.0	0.002511009970367217
148	-0.0316899230471824	23	-1.0220234315774517	2.9955247629624733	2WIA_B	0.0	0.031193059786386534
149	-0.0033536304313357035	2	-1.0220234315774517	2.9955247629624733	1WVG_B	0.0	0.003348013293822956
150	-0.005516182321170998	141	-1.0221331026500584	2.9954922564676933	2IEI_B	0.0	0.0055009961235801185
151	-0.0020108283371680245	4	-1.0221331026500584	2.9954922564676933	2JL4_B	0.0	0.0020088079762937737
152	-0.0025141678433108256	3	-1.0221331026500584	2.9954922564676933	7F7R_A	0.0	0.002511009970367217
153	-0.0005023281397303974	19	-1.0221331026500584	2.9954922564676933	2XUE_B	0.0	0.0005022019940734434
154	-8.96829489085485e-05	111	-1.0221331026500584	2.9954922564676933	2QYN_B	0.0	8.967892751311489e-05
155	-0.00024500659413931574	40	-1.0221331026500584	2.9954922564676933	6TY5_B	0.0	0.00024497658247485046
156	-0.010094821571732743	0	-1.0221331026500584	2.9954922564676933	3H36_A	0.0	0.010044039881468868
157	-0.0016754093616929682	5	-1.0221331026500584	2.9954922564676933	4BQ3_D	0.0	0.001674006646911478
158	-0.0005287734540171983	18	-1.0221331026500584	2.9954922564676933	3VWI_D	0.0	0.0005286336779720456
159	-0.024318184078692524	52	-1.0217956339427423	2.995536204165956	2WSA_A	0.0	0.024024879396308332
160	-0.0004784020294078214	20	-1.0217956339427423	2.995536204165956	4K8K_B	0.0	0.0004782876134032794
161	-0.02069716053391398	95	-1.0218436145470295	2.99550753028901	5FPA_A	0.0	0.020484444374657153
162	-8.888925921870814e-05	112	-1.0218436145470295	2.99550753028901	4UWH_A	0.0	8.88853086855652e-05
163	-0.00013216715318640655	75	-1.0218436145470295	2.99550753028901	3E8Z_C	0.0	0.0001321584194930114
164	-0.07611316823282854	92	-1.0220275942495705	2.9954696742981106	6G75_B	0.0	0.07328867365820456
165	-0.016896659502114265	1836	-1.0219991716787105	2.9954733046100643	2W9D_L	0.0	0.016754711557423387
166	-0.010718222382457869	728	-1.0220197691697626	2.995469444807387	5VJQ_L	0.0	0.010660986906970675
167	-0.010094821571732743	0	-1.0220197691697626	2.995469444807387	6M7Z_F	0.0	0.010044039881468868
168	-0.0033536304313357035	2	-1.0220197691697626	2.995469444807387	5H65_B	0.0	0.003348013293822956
169	-3.5242866220644623e-05	284	-1.0220197691697626	2.995469444807387	1LZX_B	0.0	3.524224519813638e-05
170	-0.00010463088905255848	95	-1.0220197691697626	2.995469444807387	1THL_A	0.0	0.00010462541543196737
171	-0.0007729170758817969	12	-1.0220197691697626	2.995469444807387	3K75_E	0.0	0.0007726184524206822
172	-0.010679059996182289	728	-1.0220425795255126	2.995464296250699	6JZI_A	0.0	0.01062224127170167
173	-0.0016754093616929682	5	-1.0220425795255126	2.995464296250699	1JYB_A	0.0	0.001674006646911478
174	-0.0025141678433108256	3	-1.0220425795255126	2.995464296250699	3K6F_B	0.0	0.002511009970367217
175	-0.00018952814576715587	52	-1.0220425795255126	2.995464296250699	5L42_D	0.0	0.00018951018644280883
176	-0.0033536304313357035	2	-1.0220425795255126	2.995464296250699	6ADD_B	0.0	0.003348013293822956
177	-0.005034672662132478	1	-1.0220425795255126	2.995464296250699	4KNH_B	0.0	0.005022019940734434
178	-0.016702653274624432	1644	-1.0220359626350455	2.995462437168055	1DQL_L	0.0	0.016563937343220998
179	-0.00012249579354078018	81	-1.0220359626350455	2.995462437168055	2P6K_B	0.0	0.00012248829123742523
180	-0.008197932088549301	458	-1.0220720194061854	2.9954542482782647	2IDW_B	0.0	0.008164420680560168
181	-0.010094821571732743	0	-1.0220720194061854	2.9954542482782647	4GHL_F	0.0	0.010044039881468868
182	-7.495833080897949e-05	133	-1.0220720194061854	2.9954542482782647	7LX1_B	0.0	7.495552150349901e-05
183	-0.00010463088905255848	95	-1.0220720194061854	2.9954542482782647	7ENZ_A	0.0	0.00010462541543196737
184	-0.010452366789420879	231	-1.0222565520692553	2.9954046744306853	6B95_A	0.0	0.01039793063098851
185	-0.010679002622307514	728	-1.0222793635797924	2.995399526459058	1LZN_A	0.0	0.010622184507264395
186	-0.003348324970014419	334	-1.0222568947769355	2.995405437510622	1QB1_A	0.0	0.0033427255812298485
187	-0.00025757265312815173	38	-1.0222568947769355	2.995405437510622	5L9R_A	0.0	0.00025753948414022735
188	-0.0010049087398440258	9	-1.0222568947769355	2.995405437510622	7MFJ_BBB	0.0	0.0010044039881468869
189	-5.7396160736542515e-05	174	-1.0222568947769355	2.995405437510622	3TJP_A	0.0	5.7394513608393533e-05
190	-0.0014358932416694474	6	-1.0222568947769355	2.995405437510622	3POH_A	0.0	0.0014348628402098382
191	-0.00017025245621962924	58	-1.0222568947769355	2.995405437510622	6KHX_J	0.0	0.00017023796409269267
192	-0.0021407406284166797	460	-1.0222632256933468	2.9954027301873287	2VIN_A	0.0	0.0021384508774099967
193	-0.010679001573770035	728	-1.0222860372289386	2.995397582239811	3N9E_A	0.0	0.010622183469864668
194	-0.0007729170758817969	12	-1.0222860372289386	2.995397582239811	5TVP_Q	0.0	0.0007726184524206822
195	-0.0002137258139362287	46	-1.0222860372289386	2.995397582239811	3WTN_J	0.0	0.00021370297620146528
196	-0.0002232257992797805	44	-1.0222860372289386	2.995397582239811	7NGJ_A	0.0	0.00022320088625486374
197	-0.0020108283371680245	4	-1.0222860372289386	2.995397582239811	7PQ6_BBB	0.0	0.0020088079762937737
198	-0.014419470467958861	193	-1.0223878996026763	2.9953617764186173	6CFG_B	0.0	0.014316007792982057
199	-0.0025141678433108256	3	-1.0223878996026763	2.9953617764186173	2R1Z_B	0.0	0.002511009970367217
200	-0.0033536304313357035	2	-1.0223878996026763	2.9953617764186173	4E6W_C	0.0	0.003348013293822956
201	-0.0016754093616929682	5	-1.0223878996026763	2.9953617764186173	1UZ0_A	0.0	0.001674006646911478
202	-0.0016754093616929682	5	-1.0223878996026763	2.9953617764186173	5EQU_D	0.0	0.001674006646911478
203	-0.010094821571732743	0	-1.0223878996026763	2.9953617764186173	4EMG_N	0.0	0.010044039881468868
204	-0.0014358932416694474	6	-1.0223878996026763	2.9953617764186173	1FSU_A	0.0	0.0014348628402098382
205	-0.0001255583806419499	79	-1.0223878996026763	2.9953617764186173	6H1Y_B	0.0	0.00012555049851836086
206	-0.0014358932416694474	6	-1.0223878996026763	2.9953617764186173	4PC2_D	0.0	0.0014348628402098382
207	-0.00031392551575480264	31	-1.0223878996026763	2.9953617764186173	5MW4_B	0.0	0.0003138762462959021
208	-0.010094821571732743	0	-1.0223878996026763	2.9953617764186173	4BJA_A	0.0	0.010044039881468868
209	-0.05481369544078664	18	-1.0223706985590955	2.9953719789598545	5ARG_A	0.0	0.05333850112124404
210	-0.0002790400358684292	35	-1.0223706985590955	2.9953719789598545	4ETM_B	0.0	0.00027900110781857966
211	-0.00018263558379878395	54	-1.0223706985590955	2.9953719789598545	3IKE_C	0.0	0.0001826189069357976
212	-0.00032405378625613467	30	-1.0223706985590955	2.9953719789598545	5CI4_A	0.0	0.00032400128649899573
213	-0.0005023281397303974	19	-1.0223706985590955	2.9953719789598545	1QA1_A	0.0	0.0005022019940734434
214	-0.010678975250089286	728	-1.0223935106127209	2.9953668312882553	4KXI_A	0.0	0.010622157425798502
215	-0.00010044544328937765	99	-1.0223935106127209	2.9953668312882553	1MG6_A	0.0	0.00010044039881468868
216	-0.0014358932416694474	6	-1.0223935106127209	2.9953668312882553	6XAX_B	0.0	0.0014348628402098382
217	-0.010094821571732743	0	-1.0223935106127209	2.9953668312882553	2AH5_A	0.0	0.010044039881468868
218	-5.150922340533327e-05	194	-1.0223935106127209	2.9953668312882553	3KJR_B	0.0	5.1507896828045475e-05
219	-0.0034238656667141547	257	-1.0224327876383759	2.995355161843254	4JIK_A	0.0	0.0034180109225209533
220	-0.0014358932416694474	6	-1.0224327876383759	2.995355161843254	3VVB_A	0.0	0.0014348628402098382
221	-0.010094821571732743	0	-1.0224327876383759	2.995355161843254	6OV6_C	0.0	0.010044039881468868
222	-0.0009135116594292068	10	-1.0224327876383759	2.995355161843254	4M05_E	0.0	0.000913094534678988
223	-0.0020108283371680245	4	-1.0224327876383759	2.995355161843254	3GD6_A	0.0	0.0020088079762937737
224	-0.0033536304313357035	2	-1.0224327876383759	2.995355161843254	1RP4_A	0.0	0.003348013293822956
225	-0.010678959584941009	728	-1.0224556000030256	2.9953500143169847	4MR1_A	0.0	0.010622141927047826
226	-0.0025957082525789026	381	-1.0224601954806438	2.995347256531374	7JMS_H	0.0	0.0025923423148732157
227	-0.0033536304313357035	2	-1.0224601954806438	2.995347256531374	4F7A_A	0.0	0.003348013293822956
228	-0.0016754093616929682	5	-1.0224601954806438	2.995347256531374	6GT5_B	0.0	0.001674006646911478
229	-0.0014358932416694474	6	-1.0224601954806438	2.995347256531374	1HLK_B	0.0	0.0014348628402098382
230	-8.166219509118758e-05	122	-1.0224601954806438	2.995347256531374	3NS0_A	0.0	8.165886082495015e-05
231	-0.0006279496116868011	15	-1.0224601954806438	2.995347256531374	2J3K_B	0.0	0.0006277524925918042
232	-0.0007176888971816803	13	-1.0224601954806438	2.995347256531374	2PBP_A	0.0	0.0007174314201049191
233	-0.0025141678433108256	3	-1.0224601954806438	2.995347256531374	3GHA_A	0.0	0.002511009970367217
234	-0.005034672662132478	1	-1.0224601954806438	2.995347256531374	1XE8_C	0.0	0.005022019940734434
235	-0.0016754093616929682	5	-1.0224601954806438	2.995347256531374	6MHH_A	0.0	0.001674006646911478
236	-0.0007729170758817969	12	-1.0224601954806438	2.995347256531374	7OC7_A	0.0	0.0007726184524206822
237	-0.010094821571732743	0	-1.0224601954806438	2.995347256531374	3KZ5_E	0.0	0.010044039881468868
238	-0.0025141678433108256	3	-1.0224601954806438	2.995347256531374	1RI7_A	0.0	0.002511009970367217
239	-0.0010049087398440258	9	-1.0224601954806438	2.995347256531374	6HVQ_F	0.0	0.0010044039881468869
240	-0.00011957905264071201	83	-1.0224601954806438	2.995347256531374	4LUI_B	0.0	0.00011957190335081984
241	-0.00013573948085503999	73	-1.0224601954806438	2.995347256531374	3N8G_A	0.0	0.00013573026866849823
242	-0.0033536304313357035	2	-1.0224601954806438	2.995347256531374	6YV9_B	0.0	0.003348013293822956
243	-0.010094821571732743	0	-1.0224601954806438	2.995347256531374	4L8N_A	0.0	0.010044039881468868
244	-0.08088917287952922	12	-1.0224593304491603	2.995347788574882	7NBW_A	0.0	0.07770409882035209
245	-0.01732721500270283	1779	-1.0224389314498579	2.9953511534003647	5NMV_L	0.0	0.0171779621018266
246	-0.13845599377396753	7	-1.0221265212417066	2.995492234520411	6T3J_J	0.0	0.1292984332839973
247	-0.005034672662132478	1	-1.0221265212417066	2.995492234520411	6YGB_C	0.0	0.005022019940734434
248	-0.0001762267530127854	56	-1.0221265212417066	2.995492234520411	4D5K_B	0.0	0.00017621122599068188
249	-0.0012562937918704166	7	-1.0221265212417066	2.995492234520411	5K61_A	0.0	0.0012555049851836085
250	-0.010094821571732743	0	-1.0221265212417066	2.995492234520411	3Q6T_B	0.0	0.010044039881468868
251	-0.010094821571732743	0	-1.0221265212417066	2.995492234520411	5ML7_B	0.0	0.010044039881468868
252	-0.00010463088905255848	95	-1.0221265212417066	2.995492234520411	7TLI_A	0.0	0.00010462541543196737
253	-0.0009135116594292068	10	-1.0221265212417066	2.995492234520411	3MZV_B	0.0	0.000913094534678988
254	-0.0033536304313357035	2	-1.0221265212417066	2.995492234520411	4FBA_D	0.0	0.003348013293822956
255	-0.0009135116594292068	10	-1.0221265212417066	2.995492234520411	5NMR_A	0.0	0.000913094534678988
256	-0.005034672662132478	1	-1.0221265212417066	2.995492234520411	2NO5_B	0.0	0.005022019940734434
257	-0.0020108283371680245	4	-1.0221265212417066	2.995492234520411	4X8I_C	0.0	0.0020088079762937737
258	-0.0020108283371680245	4	-1.0221265212417066	2.995492234520411	4C90_B	0.0	0.0020088079762937737
259	-0.005034672662132478	1	-1.0221265212417066	2.995492234520411	4KRT_B	0.0	0.005022019940734434
260	-0.00011679798203114428	85	-1.0221265212417066	2.995492234520411	2WYU_D	0.0	0.0001167911614124287
261	-9.566209815331388e-05	104	-1.0221265212417066	2.995492234520411	7B9D_A	0.0	9.565752268065589e-05
262	-0.00034640619450769815	28	-1.0221265212417066	2.995492234520411	5F3D_A	0.0	0.0003463462028092713
263	-0.0033536304313357035	2	-1.0221265212417066	2.995492234520411	4HX3_L	0.0	0.003348013293822956
264	-1.088626459405518	2	-1.0221265212417066	2.995492234520411	3VDJ_A	1.0	0.3366786180099649
265	-0.005034672662132478	1	-1.0221265212417066	2.995492234520411	7POJ_D	0.0	0.005022019940734434
266	-0.00964828255537746	399	-1.0221594407722925	2.995490152485591	4YOJ_B	0.0	0.009601887208939768
267	-0.010679027454973683	728	-1.0221822519173984	2.9954850039478673	7FGV_A	0.0	0.010622209076153027
268	-0.07374547970354475	212	-1.0201360401344868	2.995796722027483	5N3M_A	0.0	0.07109191028138855
269	-0.004944893809381985	149	-1.020239628855021	2.9957903180770256	6K7U_B	0.0	0.004932687949170889
270	-0.005034672662132478	1	-1.020239628855021	2.9957903180770256	2UUX_A	0.0	0.005022019940734434
271	-0.005034672662132478	1	-1.020239628855021	2.9957903180770256	7KJT_H	0.0	0.005022019940734434
272	-0.01858752579085994	80	-1.019742460936222	2.995880075626707	5BV5_D	0.0	0.01841584309778893
273	-0.0025141678433108256	3	-1.019742460936222	2.995880075626707	2Q0Q_H	0.0	0.002511009970367217
274	-0.0016754093616929682	5	-1.019742460936222	2.995880075626707	3QB4_D	0.0	0.001674006646911478
275	-0.24568058512436933	22	-1.019742461329029	2.9958800752339	4CPB_D	0.0	0.21782797759190325
276	-0.0016754093616929682	5	-1.019742461329029	2.9958800752339	1NZI_B	0.0	0.001674006646911478
277	-0.00023917240614146584	41	-1.019742461329029	2.9958800752339	1Q20_A	0.0	0.0002391438067016397
278	-0.0033536304313357035	2	-1.019742461329029	2.9958800752339	2FN6_B	0.0	0.003348013293822956
279	-0.0025141678433108256	3	-1.019742461329029	2.9958800752339	4BES_A	0.0	0.002511009970367217
280	-0.0033536304313357035	2	-1.019742461329029	2.9958800752339	5AP8_C	0.0	0.003348013293822956
281	-0.00013216715318640655	75	-1.019742461329029	2.9958800752339	1MVT_A	0.0	0.0001321584194930114
282	-0.017053893283428982	1755	-1.019718673973905	2.9958827966161956	6XUD_L	0.0	0.0169092987785999
283	-0.0019809450537357554	517	-1.019719064089609	2.9958801791357246	5R9B_A	0.0	0.0019789842770268342
284	-0.00016466994885139458	60	-1.019719064089609	2.9958801791357246	6W14_A	0.0	0.00016465639149948965
285	-0.010094821571732743	0	-1.019719064089609	2.9958801791357246	4IJJ_C	0.0	0.010044039881468868
286	-0.21388757061600874	4	-1.0206884832614813	2.9958765658247977	4OVQ_A	0.0	0.19256084019294317
287	-0.010094821571732743	0	-1.0206884832614813	2.9958765658247977	2GEN_A	0.0	0.010044039881468868
288	-0.010094821571732743	0	-1.0206884832614813	2.9958765658247977	5Z11_B	0.0	0.010044039881468868
289	-0.00019696135407428915	50	-1.0206884832614813	2.9958765658247977	7NPM_AAA	0.0	0.00019694195846017387
290	-0.00013216715318640655	75	-1.0206884832614813	2.9958765658247977	5P9Z_A	0.0	0.0001321584194930114
291	-0.005034672662132478	1	-1.0206884832614813	2.9958765658247977	6YXO_B	0.0	0.005022019940734434
292	-0.1349032485628857	15	-1.0206298246104428	2.995908719514449	2C5B_C	0.0	0.12619955095239052
293	-0.00017025245621962924	58	-1.0206298246104428	2.995908719514449	4ZKS_U	0.0	0.00017023796409269267
294	-0.0020108283371680245	4	-1.0206298246104428	2.995908719514449	5X12_A	0.0	0.0020088079762937737
295	-0.0016754093616929682	5	-1.0206298246104428	2.995908719514449	5MKQ_B	0.0	0.001674006646911478
296	-0.010094821571732743	0	-1.0206298246104428	2.995908719514449	7BSE_D	0.0	0.010044039881468868
297	-0.0006279496116868011	15	-1.0206298246104428	2.995908719514449	3ZYZ_A	0.0	0.0006277524925918042
298	-0.01047685162593654	398	-1.0206081160697182	2.9959133294445377	7C2Y_B	0.0	0.010422160579238208
299	-0.00032405378625613467	30	-1.0206081160697182	2.9959133294445377	1QCJ_B	0.0	0.00032400128649899573
300	-0.0033536304313357035	2	-1.0206081160697182	2.9959133294445377	5N2V_F	0.0	0.003348013293822956
301	-0.0008373538063213102	11	-1.0206081160697182	2.9959133294445377	4NXW_A	0.0	0.000837003323455739
302	-0.0005287734540171983	18	-1.0206081160697182	2.9959133294445377	7DYU_A	0.0	0.0005286336779720456
303	-0.010679404287211564	728	-1.0206309195580086	2.995908177165763	5DL9_A	0.0	0.010622581905529902
304	-0.0005287734540171983	18	-1.0206309195580086	2.995908177165763	5UJ1_A	0.0	0.0005286336779720456
305	-4.601591195233524	0	-1.0206309195580086	2.995908177165763	4OVX_A	1.0	0.01003585402989473
306	-0.005034672662132478	1	-1.0206309195580086	2.995908177165763	1WU2_B	0.0	0.005022019940734434
307	-0.010486292580894502	398	-1.0206088393657922	2.9959128557139074	7LKE_A	0.0	0.010431503094946327
308	-0.010794635795232831	747	-1.0206099550390864	2.9959102186667304	3G9A_B	0.0	0.010736582789046102
309	-0.00014992228079052308	66	-1.0206099550390864	2.9959102186667304	4QV2_B	0.0	0.00014991104300699802
310	-0.0005910004817660512	16	-1.0206099550390864	2.9959102186667304	4BPD_F	0.0	0.0005908258753805217
311	-0.010259366127366491	783	-1.0206145245194465	2.9959060441177776	6XYF_A	0.0	0.010206918344273938
312	-0.005034672662132478	1	-1.0206145245194465	2.9959060441177776	1WYU_H	0.0	0.005022019940734434
313	-0.0020108283371680245	4	-1.0206145245194465	2.9959060441177776	1BD7_B	0.0	0.0020088079762937737
314	-0.010094821571732743	0	-1.0206145245194465	2.9959060441177776	6HTN_F	0.0	0.010044039881468868
315	-0.013296171129185312	751	-1.020635805565511	2.9958925284406366	4YJS_A	0.0	0.01320816751465969
316	-0.0006698269427512601	14	-1.020635805565511	2.9958925284406366	3HXB_B	0.0	0.0006696026587645912
317	-6.238728692497197e-05	160	-1.020635805565511	2.9958925284406366	7A3V_A	0.0	6.238534087868862e-05
318	-0.0004018423230713914	24	-1.020635805565511	2.9958925284406366	3FCS_D	0.0	0.0004017615952587547
319	-0.1174827059396309	8	-1.020796095574338	2.9958102302033884	1FWV_A	0.0	0.11084411127090035
320	-0.0033536304313357035	2	-1.020796095574338	2.9958102302033884	6J9K_A	0.0	0.003348013293822956
321	-0.0006698269427512601	14	-1.020796095574338	2.9958102302033884	5JAQ_A	0.0	0.0006696026587645912
322	-0.005034672662132478	1	-1.020796095574338	2.9958102302033884	2RAQ_G	0.0	0.005022019940734434
323	-0.0033536304313357035	2	-1.020796095574338	2.9958102302033884	6SM7_D	0.0	0.003348013293822956
324	-0.00010249545535184922	97	-1.020796095574338	2.9958102302033884	7KN2_F	0.0	0.0001024902028721313
325	-0.001116627627922959	8	-1.020796095574338	2.9958102302033884	5AZP_C	0.0	0.0011160044312743186
326	-4.852310902151206e-05	206	-1.020796095574338	2.9958102302033884	4IGS_A	0.0	4.852193179453559e-05
327	-0.0025141678433108256	3	-1.020796095574338	2.9958102302033884	3R1F_R	0.0	0.002511009970367217
328	-0.00010685719712768238	93	-1.020796095574338	2.9958102302033884	4XZP_A	0.0	0.00010685148810073264
329	-0.015673390338281887	918	-1.0207648132070837	2.995820865145068	7RK1_D	0.0	0.015551201957573585
330	-0.0005287734540171983	18	-1.0207648132070837	2.995820865145068	5UZR_D	0.0	0.0005286336779720456
331	-0.00011160667092022018	89	-1.0207648132070837	2.995820865145068	6VLV_A	0.0	0.00011160044312743187
332	-0.00021837253462192593	45	-1.0207648132070837	2.995820865145068	3ZHH_D	0.0	0.00021834869307541015
333	-0.0005287734540171983	18	-1.0207648132070837	2.995820865145068	2Q5I_A	0.0	0.0005286336779720456
334	-0.000436792766223518	22	-1.0207648132070837	2.995820865145068	5EI0_E	0.0	0.0004366973861508203
335	-0.026253184249758862	326	-1.0206751814350297	2.995820590831094	7AW1_A	0.0	0.02591156546401966
336	-0.0008373538063213102	11	-1.0206751814350297	2.995820590831094	3IC1_B	0.0	0.000837003323455739
337	-0.0002790400358684292	35	-1.0206751814350297	2.995820590831094	4KN6_A	0.0	0.00027900110781857966
338	-0.0025141678433108256	3	-1.0206751814350297	2.995820590831094	5K1B_B	0.0	0.002511009970367217
339	-0.0005581579568121466	17	-1.0206751814350297	2.995820590831094	2H4L_X	0.0	0.0005580022156371593
340	-0.010094821571732743	0	-1.0206751814350297	2.995820590831094	5CDP_H	0.0	0.010044039881468868
341	-0.01656717852635198	1858	-1.0206569910308805	2.9958234531315937	2WUC_L	0.0	0.016430697565081698
342	-0.01650124363136408	1783	-1.020648365856433	2.9958265079884345	4NRZ_L	0.0	0.01636584388837555
343	-0.0002232257992797805	44	-1.020648365856433	2.9958265079884345	2EJR_A	0.0	0.00022320088625486374
344	-0.010094821571732743	0	-1.020648365856433	2.9958265079884345	5KBX_B	0.0	0.010044039881468868
345	-0.06788589562816454	61	-1.0205834023568228	2.9958410339035506	7D4L_A	0.0	0.06563291713614103
346	-0.005034672662132478	1	-1.0205834023568228	2.9958410339035506	1VJG_A	0.0	0.005022019940734434
347	-0.00010249545535184922	97	-1.0205834023568228	2.9958410339035506	3O4D_A	0.0	0.0001024902028721313
348	-0.014430523556772391	193	-1.0206845366925095	2.9958052107372004	4JUK_B	0.0	0.01432690258547931
349	-0.0033536304313357035	2	-1.0206845366925095	2.9958052107372004	3U35_D	0.0	0.003348013293822956
350	-0.00013573948085503999	73	-1.0206845366925095	2.9958052107372004	1A8F_A	0.0	0.00013573026866849823
351	-0.0020108283371680245	4	-1.0206845366925095	2.9958052107372004	6OJF_B	0.0	0.0020088079762937737
352	-0.01684067566141774	366	-1.020659318502146	2.99581609004767	5D25_A	0.0	0.016699664168961813
353	-0.016367330552603296	1670	-1.0206558179096203	2.9958151380015385	7SI0_L	0.0	0.01623411359014841
354	-0.0002790400358684292	35	-1.0206558179096203	2.9958151380015385	1NP4_A	0.0	0.00027900110781857966
355	-0.0025141678433108256	3	-1.0206558179096203	2.9958151380015385	3QOU_A	0.0	0.002511009970367217
356	-0.010094821571732743	0	-1.0206558179096203	2.9958151380015385	5SZD_L	0.0	0.010044039881468868
357	-0.0012562937918704166	7	-1.0206558179096203	2.9958151380015385	4CWM_B	0.0	0.0012555049851836085
358	-7.495833080897949e-05	133	-1.0206558179096203	2.9958151380015385	7KBN_B	0.0	7.495552150349901e-05
359	-0.0005910004817660512	16	-1.0206558179096203	2.9958151380015385	6ZS4_A	0.0	0.0005908258753805217
360	-0.005034672662132478	1	-1.0206558179096203	2.9958151380015385	6L9S_A	0.0	0.005022019940734434
361	-0.0014358932416694474	6	-1.0206558179096203	2.9958151380015385	2QTR_C	0.0	0.0014348628402098382
362	-0.0160356893848374	1853	-1.0206380421559702	2.9958190919811463	6EMJ_L	0.0	0.015907802216619516
363	-0.0033437128236562057	334	-1.0206155293799377	2.9958254641414923	5MOS_A	0.0	0.003338128841410791
364	-0.0012562937918704166	7	-1.0206155293799377	2.9958254641414923	5JR5_D	0.0	0.0012555049851836085
365	-0.012188596015190713	293	-1.020879125404839	2.9958361771943567	1P0Q_A	0.0	0.012114615954849384
366	-0.005034672662132478	1	-1.020879125404839	2.9958361771943567	5AEA_B	0.0	0.005022019940734434
367	-0.0002954565806875356	33	-1.020879125404839	2.9958361771943567	1RHM_D	0.0	0.00029541293769026083
368	-0.001116627627922959	8	-1.020879125404839	2.9958361771943567	4BR5_A	0.0	0.0011160044312743186
369	-0.012908766426430568	78	-1.0208757156933264	2.995837954726215	3UA1_A	0.0	0.012825805658506478
370	-0.0006698269427512601	14	-1.0208757156933264	2.995837954726215	7K9T_D	0.0	0.0006696026587645912
371	-0.004302224785672572	237	-1.0208720679975651	2.9958393251856927	5ILE_A	0.0	0.004292983474102587
372	-0.00011414333093706918	87	-1.0208720679975651	2.9958393251856927	3EAN_F	0.0	0.0001141368168348735
373	-0.0001762267530127854	56	-1.0208720679975651	2.9958393251856927	3MX6_B	0.0	0.00017621122599068188
374	-6.879716017904825e-05	145	-1.0208720679975651	2.9958393251856927	4FL9_A	0.0	6.879479370869087e-05
375	-0.00894933332398099	98	-1.0209688821162062	2.9958220433046687	7U6B_B	0.0	0.008909407233245997
376	-0.0020108283371680245	4	-1.0209688821162062	2.9958220433046687	6T68_B	0.0	0.0020088079762937737
377	-0.0005581579568121466	17	-1.0209688821162062	2.9958220433046687	6T0L_A	0.0	0.0005580022156371593
378	-0.00011414333093706918	87	-1.0209688821162062	2.9958220433046687	1A0H_E	0.0	0.0001141368168348735
379	-1.396388949672069	3	-1.0209688971296251	2.9958220378517306	6ZJK_D	0.0	0.7525109523005863
380	-0.00015695043922382717	63	-1.0209688971296251	2.9958220378517306	3ICN_A	0.0	0.00015693812314795106
381	-0.001116627627922959	8	-1.0209688971296251	2.9958220378517306	3UC3_A	0.0	0.0011160044312743186
382	-0.001116627627922959	8	-1.0209688971296251	2.9958220378517306	5AE5_B	0.0	0.0011160044312743186
383	-0.010094821571732743	0	-1.0209688971296251	2.9958220378517306	4MU9_B	0.0	0.010044039881468868
384	-0.010094821571732743	0	-1.0209688971296251	2.9958220378517306	7EDP_B	0.0	0.010044039881468868
385	-0.010094821571732743	0	-1.0209688971296251	2.9958220378517306	3W1S_C	0.0	0.010044039881468868
386	-0.00037207068680557666	26	-1.0209688971296251	2.9958220378517306	5LJA_A	0.0	0.00037200147709143955
387	-0.00019696135407428915	50	-1.0209688971296251	2.9958220378517306	5RGE_A	0.0	0.00019694195846017387
388	-0.0020108283371680245	4	-1.0209688971296251	2.9958220378517306	5C6K_B	0.0	0.0020088079762937737
389	-0.00868391382720353	233	-1.020965074580976	2.9958233310122204	5CLM_A	0.0	0.008646317553832243
390	-0.0014358932416694474	6	-1.020965074580976	2.9958233310122204	5UIC_B	0.0	0.0014348628402098382
391	-0.010094821571732743	0	-1.020965074580976	2.9958233310122204	2F6M_D	0.0	0.010044039881468868
392	-0.0025141678433108256	3	-1.020965074580976	2.9958233310122204	3EWE_D	0.0	0.002511009970367217
393	-0.00012249579354078018	81	-1.020965074580976	2.9958233310122204	2HUQ_B	0.0	0.00012248829123742523
394	-0.0025141678433108256	3	-1.020965074580976	2.9958233310122204	2YR4_B	0.0	0.002511009970367217
395	-1.3515815068732966	3	-1.0236953777447857	2.9943946380947226	2IO2_C	1.0	0.25883059442220596
396	-0.0016754093616929682	5	-1.0236953777447857	2.9943946380947226	2Z3O_B	0.0	0.001674006646911478
397	-6.238728692497197e-05	160	-1.0236953777447857	2.9943946380947226	6YGS_A	0.0	6.238534087868862e-05
398	-0.0025141678433108256	3	-1.0236953777447857	2.9943946380947226	2PPV_A	0.0	0.002511009970367217
399	-0.0020108283371680245	4	-1.0236953777447857	2.9943946380947226	4CMQ_B	0.0	0.0020088079762937737
400	-0.00023360960742453886	42	-1.0236953777447857	2.9943946380947226	1CJT_C	0.0	0.0002335823228248574
401	-0.00032405378625613467	30	-1.0236953777447857	2.9943946380947226	1QT9_A	0.0	0.00032400128649899573
402	-0.0025141678433108256	3	-1.0236953777447857	2.9943946380947226	5W3T_D	0.0	0.002511009970367217
403	-0.0014358932416694474	6	-1.0236953777447857	2.9943946380947226	1DLM_B	0.0	0.0014348628402098382
404	-0.005034672662132478	1	-1.0236953777447857	2.9943946380947226	6QRL_B	0.0	0.005022019940734434
405	-0.010094821571732743	0	-1.0236953777447857	2.9943946380947226	3NQI_D	0.0	0.010044039881468868
406	-0.0012562937918704166	7	-1.0236953777447857	2.9943946380947226	4XBO_B	0.0	0.0012555049851836085
407	-3.9082630959179e-05	256	-1.0236953777447857	2.9943946380947226	3MEH_A	0.0	3.908186724306953e-05
408	-0.00034640619450769815	28	-1.0236953777447857	2.9943946380947226	3TKY_D	0.0	0.0003463462028092713
409	-0.00011679798203114428	85	-1.0236953777447857	2.9943946380947226	6HTG_D	0.0	0.0001167911614124287
410	-0.0020108283371680245	4	-1.0236953777447857	2.9943946380947226	6V9T_BBB	0.0	0.0020088079762937737
411	-0.0016754093616929682	5	-1.0236953777447857	2.9943946380947226	4N3T_A	0.0	0.001674006646911478
412	-0.0020108283371680245	4	-1.0236953777447857	2.9943946380947226	4YED_D	0.0	0.0020088079762937737
413	-0.0003348573878600796	29	-1.0236953777447857	2.9943946380947226	1XD8_B	0.0	0.0003348013293822956
414	-0.0014358932416694474	6	-1.0236953777447857	2.9943946380947226	5BQE_C	0.0	0.0014348628402098382
415	-0.00020500141709893318	48	-1.0236953777447857	2.9943946380947226	5ILZ_A	0.0	0.0002049804057442626
416	-0.016859194258731034	1746	-1.0236875826896004	2.9943966262626662	6Q20_L	0.0	0.016717873343314482
417	-0.0014358932416694474	6	-1.0236875826896004	2.9943966262626662	1KQO_F	0.0	0.0014348628402098382
418	-0.0025141678433108256	3	-1.0236875826896004	2.9943966262626662	4IXN_B	0.0	0.002511009970367217
419	-0.0033536304313357035	2	-1.0236875826896004	2.9943966262626662	6JSD_B	0.0	0.003348013293822956
420	-0.010844463291847519	196	-1.0236550168766159	2.994393965959172	2YPG_F	0.0	0.010785874080577157
421	-0.0006279496116868011	15	-1.0236550168766159	2.994393965959172	3KOD_F	0.0	0.0006277524925918042
422	-0.005034672662132478	1	-1.0236550168766159	2.994393965959172	4BWY_L	0.0	0.005022019940734434
423	-0.005034672662132478	1	-1.0236550168766159	2.994393965959172	4XCQ_A	0.0	0.005022019940734434
424	-0.000436792766223518	22	-1.0236550168766159	2.994393965959172	1PG0_A	0.0	0.0004366973861508203
425	-0.0025141678433108256	3	-1.0236550168766159	2.994393965959172	1UMI_A	0.0	0.002511009970367217
426	-0.0002870137525488073	34	-1.0236550168766159	2.994393965959172	1IAT_A	0.0	0.00028697256804196766
427	-0.0033536304313357035	2	-1.0236550168766159	2.994393965959172	2ZFW_E	0.0	0.003348013293822956
428	-0.0016754093616929682	5	-1.0236550168766159	2.994393965959172	5Z09_F	0.0	0.001674006646911478
429	-3.5242866220644623e-05	284	-1.0236550168766159	2.994393965959172	5AGM_B	0.0	3.524224519813638e-05
430	-0.005034672662132478	1	-1.0236550168766159	2.994393965959172	5EMX_B	0.0	0.005022019940734434
431	-0.013238254671002979	796	-1.0236076943158958	2.994403947401022	5C6T_L	0.0	0.013151014371721025
432	-0.02304497336402658	88	-1.0235967712824576	2.994402547072671	1DZ0_A	0.0	0.022781466019862723
433	-0.06991708148518856	83	-1.0246708338665753	2.9943585224100233	4WDQ_A	0.0	0.0675288641778696
434	-0.00031392551575480264	31	-1.0246708338665753	2.9943585224100233	5DTQ_B	0.0	0.0003138762462959021
435	-0.00032405378625613467	30	-1.0246708338665753	2.9943585224100233	3WLR_A	0.0	0.00032400128649899573
436	-0.00023360960742453886	42	-1.0246708338665753	2.9943585224100233	6X99_B	0.0	0.0002335823228248574
437	-0.00037207068680557666	26	-1.0246708338665753	2.9943585224100233	6YY5_AAA	0.0	0.00037200147709143955
438	-0.0014358932416694474	6	-1.0246708338665753	2.9943585224100233	1MO9_B	0.0	0.0014348628402098382
439	-0.0033536304313357035	2	-1.0246708338665753	2.9943585224100233	7CWG_A	0.0	0.003348013293822956
440	-0.001986703419162738	517	-1.0246708381481278	2.9943559848891628	1R39_A	0.0	0.001984731230192658
441	-0.001116627627922959	8	-1.0246708381481278	2.9943559848891628	4YP5_C	0.0	0.0011160044312743186
442	-0.01084520786944615	196	-1.0246382010938595	2.994353367348163	3EYM_F	0.0	0.010786610626981337
443	-0.0026424781735039263	379	-1.024639922406555	2.9943523221860686	5X3O_D	0.0	0.002638989901292795
444	-0.0033536304313357035	2	-1.024639922406555	2.9943523221860686	2CMP_A	0.0	0.003348013293822956
445	-0.00018601803882833514	53	-1.024639922406555	2.9943523221860686	1N8I_A	0.0	0.00018600073854571977
446	-0.0002137258139362287	46	-1.024639922406555	2.9943523221860686	1JVS_B	0.0	0.00021370297620146528
447	-0.0020108283371680245	4	-1.024639922406555	2.9943523221860686	7STU_A	0.0	0.0020088079762937737
448	-0.0003044111732731745	32	-1.024639922406555	2.9943523221860686	5V37_A	0.0	0.000304364844892996
449	-0.010094821571732743	0	-1.024639922406555	2.9943523221860686	3DJC_L	0.0	0.010044039881468868
450	-0.0016754093616929682	5	-1.024639922406555	2.9943523221860686	2BVD_A	0.0	0.001674006646911478
451	-0.0005910004817660512	16	-1.024639922406555	2.9943523221860686	3DZ6_B	0.0	0.0005908258753805217
452	-0.0017122284313511042	599	-1.0246382298134742	2.994352735223407	7QGZ_A	0.0	0.0017107634045233468
453	-0.0005910004817660512	16	-1.0246382298134742	2.994352735223407	6FFA_B	0.0	0.0005908258753805217
454	-0.010094821571732743	0	-1.0246382298134742	2.994352735223407	4RD7_A	0.0	0.010044039881468868
455	-6.879716017904825e-05	145	-1.0246382298134742	2.994352735223407	7DBB_F	0.0	6.879479370869087e-05
456	-0.0005581579568121466	17	-1.0246382298134742	2.994352735223407	4DE4_B	0.0	0.0005580022156371593
457	-0.010094821571732743	0	-1.0246382298134742	2.994352735223407	1GD8_I	0.0	0.010044039881468868
458	-0.0007729170758817969	12	-1.0246382298134742	2.994352735223407	7CYY_F	0.0	0.0007726184524206822
459	-0.0010049087398440258	9	-1.0246382298134742	2.994352735223407	5TZ5_B	0.0	0.0010044039881468869
460	-0.010094821571732743	0	-1.0246382298134742	2.994352735223407	6Q78_B	0.0	0.010044039881468868
461	-0.0004566515167741858	21	-1.0246382298134742	2.994352735223407	2IK2_B	0.0	0.000456547267339494
462	-0.0020108283371680245	4	-1.0246382298134742	2.994352735223407	4ISN_B	0.0	0.0020088079762937737
463	-0.06816881845052891	11	-1.0258332596374893	2.9944107710832264	6NMX_D	0.0	0.06589723351601806
464	-0.005034672662132478	1	-1.0258332596374893	2.9944107710832264	3FMC_D	0.0	0.005022019940734434
465	-0.0020108283371680245	4	-1.0258332596374893	2.9944107710832264	4LYQ_A	0.0	0.0020088079762937737
466	-0.00010463088905255848	95	-1.0258332596374893	2.9944107710832264	5WR4_A	0.0	0.00010462541543196737
467	-0.0004185892579885955	23	-1.0258332596374893	2.9944107710832264	5GQD_B	0.0	0.0004185016617278695
468	-0.017083540860366397	1999	-1.0258360447928208	2.994411609629889	2EH7_L	0.0	0.0169384446037472
469	-0.0033536304313357035	2	-1.0258360447928208	2.994411609629889	1TD3_C	0.0	0.003348013293822956
470	-0.0004185892579885955	23	-1.0258360447928208	2.994411609629889	3U8E_A	0.0	0.0004185016617278695
471	-4.782990517202949e-05	209	-1.0258360447928208	2.994411609629889	4ER9_A	0.0	4.782876134032794e-05
472	-0.0001674146777462742	59	-1.0258360447928208	2.994411609629889	6PGD_A	0.0	0.0001674006646911478
473	-0.0014358932416694474	6	-1.0258360447928208	2.994411609629889	6L4M_A	0.0	0.0014348628402098382
474	-0.001982292386362524	517	-1.0258362526360916	2.9944091112216915	1OVE_A	0.0	0.001980328942397611
475	-0.00875850755609902	465	-1.0258271222262172	2.994413192464278	2JAD_A	0.0	0.008720263563671626
476	-0.01067813837573932	728	-1.0258499511254597	2.994408053353683	3WL2_B	0.0	0.010621329440513154
477	-0.013128677021234315	633	-1.025823595302409	2.9944136283945206	7FCQ_L	0.0	0.013042871854306111
478	-0.021702672925258192	212	-1.0256181925969137	2.9944678807257774	6BBV_A	0.0	0.021468864397145494
479	-0.00014557639111226222	68	-1.0256181925969137	2.9944678807257774	3FF3_A	0.0	0.00014556579538360678
480	-0.00014771737851986802	67	-1.0256181925969137	2.9944678807257774	6CJG_A	0.0	0.00014770646884513041
481	-0.0012562937918704166	7	-1.0256181925969137	2.9944678807257774	3K9C_B	0.0	0.0012555049851836085
482	-0.0007176888971816803	13	-1.0256181925969137	2.9944678807257774	6T8Q_A	0.0	0.0007174314201049191
483	-0.005034672662132478	1	-1.0256181925969137	2.9944678807257774	6XRI_N	0.0	0.005022019940734434
484	-0.00038638386284192797	25	-1.0256181925969137	2.9944678807257774	1PR3_A	0.0	0.0003863092262103411
485	-0.0005581579568121466	17	-1.0256181925969137	2.9944678807257774	3CZ1_B	0.0	0.0005580022156371593
486	-0.014232693865649399	1989	-1.025618383204123	2.9944646393913774	7KBO_A	0.0	0.014131887891857306
487	-0.7032420021316782	1	-1.025618383204123	2.9944646393913774	3HVZ_F	0.0	0.5050220199407345
488	-0.00014771737851986802	67	-1.025618383204123	2.9944646393913774	2GVE_A	0.0	0.00014770646884513041
489	-4.601591195233524	0	-1.025618383204123	2.9944646393913774	4BP8_B	1.0	0.01003585402989473
490	-0.005034672662132478	1	-1.025618383204123	2.9944646393913774	6SB1_B	0.0	0.005022019940734434
491	-0.00037207068680557666	26	-1.025618383204123	2.9944646393913774	1N8J_T	0.0	0.00037200147709143955
492	-0.0006698269427512601	14	-1.025618383204123	2.9944646393913774	3RBL_B	0.0	0.0006696026587645912
493	-0.0016754093616929682	5	-1.025618383204123	2.9944646393913774	5MH3_L	0.0	0.001674006646911478
494	-0.0007176888971816803	13	-1.025618383204123	2.9944646393913774	5CPM_B	0.0	0.0007174314201049191
495	-0.00017025245621962924	58	-1.025618383204123	2.9944646393913774	4JNM_B	0.0	0.00017023796409269267
496	-0.0010049087398440258	9	-1.025618383204123	2.9944646393913774	3IE0_D	0.0	0.0010044039881468869
497	-0.0001731880975974749	57	-1.025618383204123	2.9944646393913774	1UA3_A	0.0	0.00017317310140463566
498	-0.010094821571732743	0	-1.025618383204123	2.9944646393913774	5B1R_A	0.0	0.010044039881468868
499	-0.010094821571732743	0	-1.025618383204123	2.9944646393913774	5VP2_2y	0.0	0.010044039881468868
500	-0.010094821571732743	0	-1.025618383204123	2.9944646393913774	6N3D_A	0.0	0.010044039881468868
501	-0.0007176888971816803	13	-1.025618383204123	2.9944646393913774	6NMR_S	0.0	0.0007174314201049191
502	-3.062254167459315e-05	327	-1.025618383204123	2.9944646393913774	4XDE_A	0.0	3.062207280935631e-05
503	-0.0002232257992797805	44	-1.025618383204123	2.9944646393913774	4ZPD_A	0.0	0.00022320088625486374
504	-0.25144181403592325	17	-1.0309654680257605	2.993325830874867	5ZLC_A	0.0	0.22232129372139717
505	-0.0007729170758817969	12	-1.0309654680257605	2.993325830874867	7S54_B	0.0	0.0007726184524206822
506	-0.00012101985129915124	82	-1.0309654680257605	2.993325830874867	6AAR_A	0.0	0.000121012528692396
507	-0.0016754093616929682	5	-1.0309654680257605	2.993325830874867	7VLC_H	0.0	0.001674006646911478
508	-0.0005910004817660512	16	-1.0309654680257605	2.993325830874867	7AKZ_B	0.0	0.0005908258753805217
509	-0.005034672662132478	1	-1.0309654680257605	2.993325830874867	6VJ4_A	0.0	0.005022019940734434
510	-0.00010044544328937765	99	-1.0309654680257605	2.993325830874867	3KHD_D	0.0	0.00010044039881468868
511	-0.11375604065694844	13	-1.0338069350317431	2.9930723468058384	6W57_A	0.0	0.10752434289879868
512	-0.0005910004817660512	16	-1.0338069350317431	2.9930723468058384	3R9V_B	0.0	0.0005908258753805217
513	-0.01726958354503882	355	-1.0337879945164248	2.9930808495121837	6BN8_C	0.0	0.017121319002961797
514	-9.566209815331388e-05	104	-1.0337879945164248	2.9930808495121837	4UZ5_A	0.0	9.565752268065589e-05
515	-0.0025141678433108256	3	-1.0337879945164248	2.9930808495121837	4LNV_C	0.0	0.002511009970367217
516	-0.0020108283371680245	4	-1.0337879945164248	2.9930808495121837	5IWB_B	0.0	0.0020088079762937737
517	-0.004175832300613561	247	-1.0337813220905643	2.9930829831459103	3FH9_B	0.0	0.004167125636318275
518	-0.016754078322685002	1814	-1.0337761805449805	2.993084204384547	4KAQ_L	0.0	0.0166145092896641
519	-0.0020108283371680245	4	-1.0337761805449805	2.993084204384547	4RNF_A	0.0	0.0020088079762937737
520	-0.0033536304313357035	2	-1.0337761805449805	2.993084204384547	6NTW_A	0.0	0.003348013293822956
521	-0.0007176888971816803	13	-1.0337761805449805	2.993084204384547	6EWR_D	0.0	0.0007174314201049191
522	-0.0005581579568121466	17	-1.0337761805449805	2.993084204384547	3FE8_A	0.0	0.0005580022156371593
523	-0.010094821571732743	0	-1.0337761805449805	2.993084204384547	2IDO_D	0.0	0.010044039881468868
524	-0.0009135116594292068	10	-1.0337761805449805	2.993084204384547	3NBW_B	0.0	0.000913094534678988
525	-0.011191271178662525	97	-1.0337298858842663	2.993077648839054	3Q4T_B	0.0	0.011128881858855487
526	-0.0006279496116868011	15	-1.0337298858842663	2.993077648839054	2Z9N_D	0.0	0.0006277524925918042
527	-0.019715342616797187	51	-1.0337211898831324	2.993082595421668	4H0V_B	0.0	0.019522266187450052
528	-0.011965900133773149	175	-1.033686753474665	2.9930906646658917	5N5G_A	0.0	0.0118945934503665
529	-0.020969662899191516	146	-1.033664210579382	2.9931017706381864	6N5W_C	0.0	0.020751328315487053
530	-0.0004185892579885955	23	-1.033664210579382	2.9931017706381864	5A1K_B	0.0	0.0004185016617278695
531	-4.099692151112781e-05	244	-1.033664210579382	2.9931017706381864	1ZCR_B	0.0	4.099608114885252e-05
532	-0.00011545539898780127	86	-1.033664210579382	2.9931017706381864	6DQ7_A	0.0	0.0001154487342697571
533	-0.00025757265312815173	38	-1.033664210579382	2.9931017706381864	6J85_B	0.0	0.00025753948414022735
534	-0.005034672662132478	1	-1.033664210579382	2.9931017706381864	1TT4_B	0.0	0.005022019940734434
535	-0.0016754093616929682	5	-1.033664210579382	2.9931017706381864	4J33_B	0.0	0.001674006646911478
536	-0.0033536304313357035	2	-1.033664210579382	2.9931017706381864	2QVK_A	0.0	0.003348013293822956
537	-0.010094821571732743	0	-1.033664210579382	2.9931017706381864	6KFN_A	0.0	0.010044039881468868
538	-0.0010049087398440258	9	-1.033664210579382	2.9931017706381864	3GAX_B	0.0	0.0010044039881468869
539	-0.0007729170758817969	12	-1.033664210579382	2.9931017706381864	6R0T_B	0.0	0.0007726184524206822
540	-0.010094821571732743	0	-1.033664210579382	2.9931017706381864	1EP0_A	0.0	0.010044039881468868
541	-0.13489376664860095	7	-1.0336716465676397	2.993097115013916	6CPR_F	0.0	0.12619126561215033
542	-0.0003348573878600796	29	-1.0336716465676397	2.993097115013916	6A1V_A	0.0	0.0003348013293822956
543	-4.544917705819729e-05	220	-1.0336716465676397	2.993097115013916	4GYH_A	0.0	4.544814426004013e-05
544	-0.0033536304313357035	2	-1.0336716465676397	2.993097115013916	1SO0_D	0.0	0.003348013293822956
545	-0.005034672662132478	1	-1.0336716465676397	2.993097115013916	5BOK_A	0.0	0.005022019940734434
546	-0.005034672662132478	1	-1.0336716465676397	2.993097115013916	5NT7_D	0.0	0.005022019940734434
547	-0.010094821571732743	0	-1.0336716465676397	2.993097115013916	3FN9_D	0.0	0.010044039881468868
548	-0.0003348573878600796	29	-1.0336716465676397	2.993097115013916	2NOO_A	0.0	0.0003348013293822956
549	-0.005034672662132478	1	-1.0336716465676397	2.993097115013916	2Q0V_A	0.0	0.005022019940734434
550	-0.0016754093616929682	5	-1.0336716465676397	2.993097115013916	3S4S_H	0.0	0.001674006646911478
551	-0.0002790400358684292	35	-1.0336716465676397	2.993097115013916	5KT1_A	0.0	0.00027900110781857966
552	-0.01684780459161194	366	-1.0336459840722094	2.993108144511759	5D3L_A	0.0	0.016706674023429475
553	-0.0009135116594292068	10	-1.0336459840722094	2.993108144511759	3FPU_B	0.0	0.000913094534678988
554	-0.053335604066490364	19	-1.0335580858810691	2.9930978915568938	4PC9_A	0.0	0.05193821430438038
555	-0.0012562937918704166	7	-1.0335580858810691	2.9930978915568938	6EBX_B	0.0	0.0012555049851836085
556	-0.005034672662132478	1	-1.0335580858810691	2.9930978915568938	6MS4_B	0.0	0.005022019940734434
557	-0.0004185892579885955	23	-1.0335580858810691	2.9930978915568938	1DVM_D	0.0	0.0004185016617278695
558	-3.9082630959179e-05	256	-1.0335580858810691	2.9930978915568938	2OEO_A	0.0	3.908186724306953e-05
559	-0.0014358932416694474	6	-1.0335580858810691	2.9930978915568938	2A74_F	0.0	0.0014348628402098382
560	-0.0007729170758817969	12	-1.0335580858810691	2.9930978915568938	7CWD_A	0.0	0.0007726184524206822
561	-0.001707557647734342	600	-1.0335565631285712	2.993098201232326	5CLU_A	0.0	0.0017061006006228402
562	-0.0010049087398440258	9	-1.0335565631285712	2.993098201232326	1T2U_A	0.0	0.0010044039881468869
563	-0.0009135116594292068	10	-1.0335565631285712	2.993098201232326	4J4B_B	0.0	0.000913094534678988
564	-0.0033536304313357035	2	-1.0335565631285712	2.993098201232326	4DHE_B	0.0	0.003348013293822956
565	-0.010386641552123174	231	-1.0337449042260327	2.9930474288180577	2VEX_A	0.0	0.010332886662657224
566	-2.3914666623536176e-05	419	-1.0337449042260327	2.9930474288180577	5P45_A	0.0	2.391438067016397e-05
567	-0.0008373538063213102	11	-1.0337449042260327	2.9930474288180577	7BZL_A	0.0	0.000837003323455739
568	-0.06538853105017654	18	-1.032931923771282	2.993274924352385	7CSA_D	0.0	0.06329654570923342
569	-0.0020108283371680245	4	-1.032931923771282	2.993274924352385	3HPF_B	0.0	0.0020088079762937737
570	-0.0009135116594292068	10	-1.032931923771282	2.993274924352385	3S9V_D	0.0	0.000913094534678988
571	-0.01101018257872256	302	-1.033226393298905	2.9932743322332382	5DTJ_B	0.0	0.010949792357506169
572	-0.0033536304313357035	2	-1.033226393298905	2.9932743322332382	5IRY_B	0.0	0.003348013293822956
573	-2.624019208272734	46	-1.0414749965642132	2.9914261979989902	5I4V_F	1.0	0.07251084020186897
574	-0.0006279496116868011	15	-1.0414749965642132	2.9914261979989902	4PHM_B	0.0	0.0006277524925918042
575	-0.010871733070958635	103	-1.0413875492158622	2.99145860539359	5TA4_A	0.0	0.010812849363477935
576	-0.00010044544328937765	99	-1.0413875492158622	2.99145860539359	4PFM_B	0.0	0.00010044039881468868
577	-0.0020108283371680245	4	-1.0413875492158622	2.99145860539359	2YR0_B	0.0	0.0020088079762937737
578	-0.005034672662132478	1	-1.0413875492158622	2.99145860539359	4NWW_C	0.0	0.005022019940734434
579	-6.564947436635884e-05	152	-1.0413875492158622	2.99145860539359	4BUT_B	0.0	6.564731948672462e-05
580	-0.0004185892579885955	23	-1.0413875492158622	2.99145860539359	4ZEJ_B	0.0	0.0004185016617278695
581	-0.005034672662132478	1	-1.0413875492158622	2.99145860539359	7MKS_AAA	0.0	0.005022019940734434
582	-0.0003348573878600796	29	-1.0413875492158622	2.99145860539359	1J0H_B	0.0	0.0003348013293822956
583	-0.0001271478282776078	78	-1.0413875492158622	2.99145860539359	5KMF_D	0.0	0.00012713974533504896
584	-0.0007176888971816803	13	-1.0413875492158622	2.99145860539359	6MNC_B	0.0	0.0007174314201049191
585	-0.0025141678433108256	3	-1.0413875492158622	2.99145860539359	1YQQ_C	0.0	0.002511009970367217
586	-0.010094821571732743	0	-1.0413875492158622	2.99145860539359	3E8V_A	0.0	0.010044039881468868
587	-0.0020108283371680245	4	-1.0413875492158622	2.99145860539359	1PT6_B	0.0	0.0020088079762937737
588	-0.0033536304313357035	2	-1.0413875492158622	2.99145860539359	3S1I_C	0.0	0.003348013293822956
589	-0.010094821571732743	0	-1.0413875492158622	2.99145860539359	3KXP_L	0.0	0.010044039881468868
590	-0.0014358932416694474	6	-1.0413875492158622	2.99145860539359	4LWJ_A	0.0	0.0014348628402098382
591	-0.0033536304313357035	2	-1.0413875492158622	2.99145860539359	4RDP_B	0.0	0.003348013293822956
592	-0.005034672662132478	1	-1.0413875492158622	2.99145860539359	2VTX_K	0.0	0.005022019940734434
593	-0.00037207068680557666	26	-1.0413875492158622	2.99145860539359	7BR3_A	0.0	0.00037200147709143955
594	-0.017155910010065143	1590	-1.0413887357909257	2.991455618689826	6J5F_L	0.0	0.017009585358383747
595	-5.908433298288754e-05	169	-1.0413887357909257	2.991455618689826	1BDU_A	0.0	5.908258753805216e-05
596	-4.185104191538991e-05	239	-1.0413887357909257	2.991455618689826	5SWV_C	0.0	4.185016617278695e-05
597	-0.004552810207759815	212	-1.0414044450860127	2.9914530188275235	1LA6_B	0.0	0.004542461877982915
598	-6.879716017904825e-05	145	-1.0414044450860127	2.9914530188275235	3WH6_A	0.0	6.879479370869087e-05
599	-0.0010049087398440258	9	-1.0414044450860127	2.9914530188275235	6HX2_F	0.0	0.0010044039881468869
600	-3.833676492634658e-05	261	-1.0414044450860127	2.9914530188275235	2VTJ_A	0.0	3.833603008194224e-05
601	-0.0020108283371680245	4	-1.0414044450860127	2.9914530188275235	6HQ2_B	0.0	0.0020088079762937737
602	-0.0007729170758817969	12	-1.0414044450860127	2.9914530188275235	5Q77_A	0.0	0.0007726184524206822
603	-0.005034672662132478	1	-1.0414044450860127	2.9914530188275235	1I5K_D	0.0	0.005022019940734434
604	-0.015331142348110248	267	-1.0413766254342227	2.991460792149769	4J0B_B	0.0	0.015214218672379928
605	-0.0020108283371680245	4	-1.0413766254342227	2.991460792149769	6E28_D	0.0	0.0020088079762937737
606	-0.00016466994885139458	60	-1.0413766254342227	2.991460792149769	4AVH_B	0.0	0.00016465639149948965
607	-0.005034672662132478	1	-1.0413766254342227	2.991460792149769	3O5C_D	0.0	0.005022019940734434
608	-0.0025141678433108256	3	-1.0413766254342227	2.991460792149769	3SMA_D	0.0	0.002511009970367217
609	-0.010094821571732743	0	-1.0413766254342227	2.991460792149769	3DOA_A	0.0	0.010044039881468868
610	-0.010094821571732743	0	-1.0413766254342227	2.991460792149769	4WWX_Y	0.0	0.010044039881468868
611	-0.0005910004817660512	16	-1.0413766254342227	2.991460792149769	4ELG_H	0.0	0.0005908258753805217
612	-0.29106108132852204	3	-1.0413747986933803	2.9914602574398326	1E30_B	0.0	0.252529979838178
613	-0.005034672662132478	1	-1.0413747986933803	2.9914602574398326	4RUS_F	0.0	0.005022019940734434
614	-0.0008373538063213102	11	-1.0413747986933803	2.9914602574398326	3ALJ_A	0.0	0.000837003323455739
615	-0.0033536304313357035	2	-1.0413747986933803	2.9914602574398326	6IBG_C	0.0	0.003348013293822956
616	-0.006367101366683225	125	-1.0414777756796485	2.991454900315566	6JD8_A	0.0	0.006346874328744958
617	-0.0016754093616929682	5	-1.0414777756796485	2.991454900315566	4NL5_B	0.0	0.001674006646911478
618	-0.0005023281397303974	19	-1.0414777756796485	2.991454900315566	2B4K_D	0.0	0.0005022019940734434
619	-0.021719008517342337	212	-1.0412723093041374	2.9915082768786188	6TPD_A	0.0	0.021484849152057683
620	-5.294738375793469	1	-1.0412723093041374	2.9915082768786188	7QCS_E	1.0	0.005017927014947365
621	-0.0007176888971816803	13	-1.0412723093041374	2.9915082768786188	3V6M_J	0.0	0.0007174314201049191
622	-0.0020108283371680245	4	-1.0412723093041374	2.9915082768786188	4GYN_A	0.0	0.0020088079762937737
623	-0.0016754093616929682	5	-1.0412723093041374	2.9915082768786188	5FV7_B	0.0	0.001674006646911478
624	-0.0033536304313357035	2	-1.0412723093041374	2.9915082768786188	2WFK_E	0.0	0.003348013293822956
625	-0.004581714917922569	150	-1.0413954523784865	2.9914902972547686	3CIQ_L	0.0	0.0045712348737620865
626	-0.0005287734540171983	18	-1.0413954523784865	2.9914902972547686	3VZP_D	0.0	0.0005286336779720456
627	-0.010094821571732743	0	-1.0413954523784865	2.9914902972547686	3L0R_B	0.0	0.010044039881468868
628	-0.028303387162295874	140	-1.0414372903698395	2.991488495353555	7O7J_A	0.0	0.027906598599386094
629	-0.0025141678433108256	3	-1.0414372903698395	2.991488495353555	6PTT_B	0.0	0.002511009970367217
630	-0.0033536304313357035	2	-1.0414372903698395	2.991488495353555	3EM0_B	0.0	0.003348013293822956
631	-0.0033536304313357035	2	-1.0414372903698395	2.991488495353555	2A6W_B	0.0	0.003348013293822956
632	-0.0021326587528178	461	-1.0414439140228826	2.9914857088667324	6AG9_U	0.0	0.002130386251916521
633	-0.0033536304313357035	2	-1.0414439140228826	2.9914857088667324	4G88_H	0.0	0.003348013293822956
634	-0.001116627627922959	8	-1.0414439140228826	2.9914857088667324	1IQ9_A	0.0	0.0011160044312743186
635	-0.016036571855842303	1846	-1.0414282682951026	2.991490562829469	7NEH_L	0.0	0.015908670649067
636	-0.005034672662132478	1	-1.0414282682951026	2.991490562829469	2C6U_A	0.0	0.005022019940734434
637	-0.01736859244725614	45	-1.0417598166566546	2.9914503011071067	1RXT_D	0.0	0.017218627924875836
638	-0.0033536304313357035	2	-1.0417598166566546	2.9914503011071067	6GZO_B	0.0	0.003348013293822956
639	-0.0014358932416694474	6	-1.0417598166566546	2.9914503011071067	3SLO_A	0.0	0.0014348628402098382
640	-0.005034672662132478	1	-1.0417598166566546	2.9914503011071067	6HC2_X	0.0	0.005022019940734434
641	-0.0033536304313357035	2	-1.0417598166566546	2.9914503011071067	6J39_B	0.0	0.003348013293822956
642	-0.00013216715318640655	75	-1.0417598166566546	2.9914503011071067	4A3R_D	0.0	0.0001321584194930114
643	-0.0033536304313357035	2	-1.0417598166566546	2.9914503011071067	7ENB_B	0.0	0.003348013293822956
644	-0.010094821571732743	0	-1.0417598166566546	2.9914503011071067	5I4S_B	0.0	0.010044039881468868
645	-0.0033536304313357035	2	-1.0417598166566546	2.9914503011071067	7LY5_B	0.0	0.003348013293822956
646	-0.00019696135407428915	50	-1.0417598166566546	2.9914503011071067	4W9P_E	0.0	0.00019694195846017387
647	-0.008924729213264765	98	-1.0418578128787874	2.991433189415977	7KUV_A	0.0	0.008885022030584848
648	-0.010094821571732743	0	-1.0418578128787874	2.991433189415977	3GAG_D	0.0	0.010044039881468868
649	-0.005034672662132478	1	-1.0418578128787874	2.991433189415977	1YGT_A	0.0	0.005022019940734434
650	-0.0009135116594292068	10	-1.0418578128787874	2.991433189415977	3T3Y_A	0.0	0.000913094534678988
651	-0.0003044111732731745	32	-1.0418578128787874	2.991433189415977	6SGK_A	0.0	0.000304364844892996
652	-0.012708485439834554	132	-1.0420006870688225	2.991407309669012	4NQU_A	0.0	0.012628073636600314
653	-0.0009135116594292068	10	-1.0420006870688225	2.991407309669012	1BUG_B	0.0	0.000913094534678988
654	-0.005034672662132478	1	-1.0420006870688225	2.991407309669012	5XXS_B	0.0	0.005022019940734434
655	-0.07159719544215729	71	-1.042047608466922	2.991379211300135	5HI2_A	0.0	0.06909420660258883
656	-0.0016754093616929682	5	-1.042047608466922	2.991379211300135	6IZ1_A	0.0	0.001674006646911478
657	-0.00818331888899553	458	-1.0420850374382233	2.9913699812347203	2I4X_B	0.0	0.008149926683413421
658	-9.300469407532761e-05	107	-1.0420850374382233	2.9913699812347203	1DS4_A	0.0	9.300036927285989e-05
659	-0.0008373538063213102	11	-1.0420850374382233	2.9913699812347203	4NKT_B	0.0	0.000837003323455739
660	-0.0007729170758817969	12	-1.0420850374382233	2.9913699812347203	3V16_A	0.0	0.0007726184524206822
661	-0.0004185892579885955	23	-1.0420850374382233	2.9913699812347203	6YCH_A	0.0	0.0004185016617278695
662	-0.00882497094672562	458	-1.0420810881465778	2.99137177288809	7A89_B	0.0	0.008786145186632337
663	-0.005034672662132478	1	-1.0420810881465778	2.99137177288809	6EFW_A	0.0	0.005022019940734434
664	-0.0005581579568121466	17	-1.0420810881465778	2.99137177288809	3KVC_B	0.0	0.0005580022156371593
665	-0.00026435177683824165	37	-1.0420810881465778	2.99137177288809	3K4C_D	0.0	0.0002643168389860228
666	-0.0014358932416694474	6	-1.0420810881465778	2.99137177288809	5Z9R_B	0.0	0.0014348628402098382
667	-0.0004784020294078214	20	-1.0420810881465778	2.99137177288809	1JL1_A	0.0	0.0004782876134032794
668	-0.010094821571732743	0	-1.0420810881465778	2.99137177288809	1S03_H	0.0	0.010044039881468868
669	-0.010094821571732743	0	-1.0420810881465778	2.99137177288809	5Z7Q_A	0.0	0.010044039881468868
670	-0.00038638386284192797	25	-1.0420810881465778	2.99137177288809	6C4C_H	0.0	0.0003863092262103411
671	-0.00011286074922541099	88	-1.0420810881465778	2.99137177288809	6ER5_A	0.0	0.00011285438069066144
672	-0.0004185892579885955	23	-1.0420810881465778	2.99137177288809	6YCJ_A	0.0	0.0004185016617278695
673	-0.0014358932416694474	6	-1.0420810881465778	2.99137177288809	7DDV_A	0.0	0.0014348628402098382
674	-0.0033536304313357035	2	-1.0420810881465778	2.99137177288809	3D3Z_A	0.0	0.003348013293822956
675	-0.0006698269427512601	14	-1.0420810881465778	2.99137177288809	4XDT_A	0.0	0.0006696026587645912
676	-0.00031392551575480264	31	-1.0420810881465778	2.99137177288809	4B1J_A	0.0	0.0003138762462959021
677	-0.0005023281397303974	19	-1.0420810881465778	2.99137177288809	5IKD_A	0.0	0.0005022019940734434
678	-0.0007729170758817969	12	-1.0420810881465778	2.99137177288809	3WNV_B	0.0	0.0007726184524206822
679	-0.0003348573878600796	29	-1.0420810881465778	2.99137177288809	1EKF_B	0.0	0.0003348013293822956
680	-0.0006279496116868011	15	-1.0420810881465778	2.99137177288809	6S5G_H	0.0	0.0006277524925918042
681	-5.294738375793469	1	-1.0420810881465778	2.99137177288809	4I9E_B	1.0	0.005017927014947365
682	-0.002689915928900062	376	-1.0420807082436672	2.9913717542489833	6OMG_D	0.0	0.0026863013467481565
683	-0.0006698269427512601	14	-1.0420807082436672	2.9913717542489833	5YGA_C	0.0	0.0006696026587645912
684	-0.18282562709075004	17	-1.042096016389485	2.9913623943763263	5V2Z_A	0.0	0.16708661939558908
685	-0.0004018423230713914	24	-1.042096016389485	2.9913623943763263	3PPC_B	0.0	0.0004017615952587547
686	-0.0025141678433108256	3	-1.042096016389485	2.9913623943763263	4OH9_B	0.0	0.002511009970367217
687	-0.012311057262915362	925	-1.0420705251684976	2.9913687883383706	6XQW_L	0.0	0.012235586224352302
688	-0.14945450645697744	13	-1.0426707646033204	2.9910628400350485	4RV7_D	0.0	0.13882238485057408
689	-0.0033536304313357035	2	-1.0426707646033204	2.9910628400350485	1FCF_A	0.0	0.003348013293822956
690	-0.010094821571732743	0	-1.0426707646033204	2.9910628400350485	3VQI_E	0.0	0.010044039881468868
691	-0.013319686571621027	81	-1.0426171228924466	2.9910637177806363	1CHW_B	0.0	0.013231372088358602
692	-0.016554295429270328	72	-1.0424448981209042	2.991055942481567	6J7H_D	0.0	0.01641802606464795
693	-0.0020108283371680245	4	-1.0424448981209042	2.991055942481567	2X5F_B	0.0	0.0020088079762937737
694	-0.0007176888971816803	13	-1.0424448981209042	2.991055942481567	1GSI_A	0.0	0.0007174314201049191
695	-0.0010049087398440258	9	-1.0424448981209042	2.991055942481567	5OA2_C	0.0	0.0010044039881468869
696	-0.0016754093616929682	5	-1.0424448981209042	2.991055942481567	6B92_A	0.0	0.001674006646911478
697	-0.005034672662132478	1	-1.0424448981209042	2.991055942481567	2A6A_B	0.0	0.005022019940734434
698	-0.00010146009519910802	98	-1.0424448981209042	2.991055942481567	3VIJ_A	0.0	0.00010145494829766534
699	-0.005034672662132478	1	-1.0424448981209042	2.991055942481567	5UXY_A	0.0	0.005022019940734434
700	-0.0010049087398440258	9	-1.0424448981209042	2.991055942481567	6Q9Y_B	0.0	0.0010044039881468869
701	-0.000436792766223518	22	-1.0424448981209042	2.991055942481567	7R5E_B	0.0	0.0004366973861508203
702	-0.0006279496116868011	15	-1.0424448981209042	2.991055942481567	3GUR_D	0.0	0.0006277524925918042
703	-0.00022829969206134785	43	-1.0424448981209042	2.991055942481567	5UN1_H	0.0	0.000228273633669747
704	-0.00010146009519910802	98	-1.0424448981209042	2.991055942481567	3FJA_B	0.0	0.00010145494829766534
705	-0.0025141678433108256	3	-1.0424448981209042	2.991055942481567	3NE7_A	0.0	0.002511009970367217
706	-0.012109622627149937	293	-1.0427092126713662	2.991068528739966	2Y1K_A	0.0	0.012036596218374494
707	-0.0025141678433108256	3	-1.0427092126713662	2.991068528739966	5F0J_C	0.0	0.002511009970367217
708	-0.0005910004817660512	16	-1.0427092126713662	2.991068528739966	1VG7_A	0.0	0.0005908258753805217
709	-0.010799840792851446	98	-1.0426765330588417	2.9910754261632286	5AK2_B	0.0	0.010741731889376355
710	-0.0027367983134476965	260	-1.042743414925557	2.9910678833987574	3KEI_B	0.0	0.002733056695073369
711	-0.005034672662132478	1	-1.042743414925557	2.9910678833987574	7X8E_H	0.0	0.005022019940734434
712	-0.005091191100580425	738	-1.0427705941070051	2.9910630806877383	6NVJ_A	0.0	0.005078252953341484
713	-0.7032420021316782	1	-1.0427705941070051	2.9910630806877383	4OPW_B	0.0	0.5050220199407345
714	-0.00023917240614146584	41	-1.0427705941070051	2.9910630806877383	5K3B_B	0.0	0.0002391438067016397
715	-0.00016466994885139458	60	-1.0427705941070051	2.9910630806877383	3DU8_B	0.0	0.00016465639149948965
716	-0.010094821571732743	0	-1.0427705941070051	2.9910630806877383	3P0S_A	0.0	0.010044039881468868
717	-0.00016466994885139458	60	-1.0427705941070051	2.9910630806877383	6QOD_B	0.0	0.00016465639149948965
718	-4.7378668962071805e-05	211	-1.0427705941070051	2.9910630806877383	3NMK_D	0.0	4.737754661070221e-05
719	-0.000436792766223518	22	-1.0427705941070051	2.9910630806877383	2OMZ_B	0.0	0.0004366973861508203
720	-0.0016754093616929682	5	-1.0427705941070051	2.9910630806877383	1W9Y_A	0.0	0.001674006646911478
721	-0.0033536304313357035	2	-1.0427705941070051	2.9910630806877383	1F5M_B	0.0	0.003348013293822956
722	-6.162177515597067e-05	162	-1.0427705941070051	2.9910630806877383	6AHS_A	0.0	6.161987657342864e-05
723	-0.00010463088905255848	95	-1.0427705941070051	2.9910630806877383	6K3H_X	0.0	0.00010462541543196737
724	-0.0008373538063213102	11	-1.0427705941070051	2.9910630806877383	2QK4_B	0.0	0.000837003323455739
725	-0.029426422092430456	69	-1.042747373664501	2.9910734093426807	6XF4_B	0.0	0.028997680668201454
726	-0.0020108283371680245	4	-1.042747373664501	2.9910734093426807	3WJV_A	0.0	0.0020088079762937737
727	-0.001116627627922959	8	-1.042747373664501	2.9910734093426807	2UYF_B	0.0	0.0011160044312743186
728	-0.06275200963077206	12	-1.0440508654426977	2.9909076401940258	6H2O_B	0.0	0.060823648497608476
729	-0.0020108283371680245	4	-1.0440508654426977	2.9909076401940258	2BRY_B	0.0	0.0020088079762937737
730	-5.5188555176069526e-05	181	-1.0440508654426977	2.9909076401940258	1LCV_B	0.0	5.518703231576301e-05
731	-0.0033536304313357035	2	-1.0440508654426977	2.9909076401940258	5M3I_D	0.0	0.003348013293822956
732	-9.475958276888543e-05	105	-1.0440508654426977	2.9909076401940258	1Y4L_B	0.0	9.475509322140442e-05
733	-0.00035878006392302416	27	-1.0440508654426977	2.9909076401940258	5W2P_A	0.0	0.00035871571005245955
734	-0.005034672662132478	1	-1.0440508654426977	2.9909076401940258	5K8C_A	0.0	0.005022019940734434
735	-0.0033536304313357035	2	-1.0440508654426977	2.9909076401940258	2BH8_B	0.0	0.003348013293822956
736	-0.0001255583806419499	79	-1.0440508654426977	2.9909076401940258	5UE3_B	0.0	0.00012555049851836086
737	-0.0006279496116868011	15	-1.0440508654426977	2.9909076401940258	5YQT_H	0.0	0.0006277524925918042
738	-0.0020108283371680245	4	-1.0440508654426977	2.9909076401940258	5Y3Z_B	0.0	0.0020088079762937737
739	-0.00037207068680557666	26	-1.0440508654426977	2.9909076401940258	7DKC_B	0.0	0.00037200147709143955
740	-0.0014358932416694474	6	-1.0440508654426977	2.9909076401940258	5ILN_C	0.0	0.0014348628402098382
741	-0.004341256469249248	234	-1.0440484255719003	2.9909084023192367	1DTI_A	0.0	0.004331846836850472
742	-0.00013392949990797504	74	-1.0440484255719003	2.9909084023192367	5EH0_A	0.0	0.00013392053175291825
743	-0.0033536304313357035	2	-1.0440484255719003	2.9909084023192367	6D21_A	0.0	0.003348013293822956
744	-0.0033536304313357035	2	-1.0440484255719003	2.9909084023192367	3OV8_A	0.0	0.003348013293822956
745	-0.00018601803882833514	53	-1.0440484255719003	2.9909084023192367	3GN1_D	0.0	0.00018600073854571977
746	-0.03262846544314774	60	-1.0441429384523504	2.9908709570086045	4PLY_H	0.0	0.03210189961421411
747	-0.005034672662132478	1	-1.0441429384523504	2.9908709570086045	5ITM_F	0.0	0.005022019940734434
748	-0.00014557639111226222	68	-1.0441429384523504	2.9908709570086045	5SVO_B	0.0	0.00014556579538360678
749	-0.0004784020294078214	20	-1.0441429384523504	2.9908709570086045	4K93_B	0.0	0.0004782876134032794
750	-0.0014358932416694474	6	-1.0441429384523504	2.9908709570086045	1S00_T	0.0	0.0014348628402098382
751	-0.0009135116594292068	10	-1.0441429384523504	2.9908709570086045	6EO0_D	0.0	0.000913094534678988
752	-0.0002954565806875356	33	-1.0441429384523504	2.9908709570086045	7K3O_B	0.0	0.00029541293769026083
753	-0.0025141678433108256	3	-1.0441429384523504	2.9908709570086045	5ZQD_H	0.0	0.002511009970367217
754	-0.0025141678433108256	3	-1.0441429384523504	2.9908709570086045	3UBU_B	0.0	0.002511009970367217
755	-0.004946886757083993	280	-1.0440417015605588	2.9908905719041923	5MFQ_B	0.0	0.004934671064307621
756	-0.0003044111732731745	32	-1.0440417015605588	2.9908905719041923	3MH5_B	0.0	0.000304364844892996
757	-0.0007729170758817969	12	-1.0440417015605588	2.9908905719041923	2F5M_C	0.0	0.0007726184524206822
758	-0.0014358932416694474	6	-1.0440417015605588	2.9908905719041923	1P0Y_C	0.0	0.0014348628402098382
759	-0.00025757265312815173	38	-1.0440417015605588	2.9908905719041923	3Q3U_A	0.0	0.00025753948414022735
760	-0.010094821571732743	0	-1.0440417015605588	2.9908905719041923	2AJA_B	0.0	0.010044039881468868
761	-0.00037207068680557666	26	-1.0440417015605588	2.9908905719041923	1H2Z_A	0.0	0.00037200147709143955
762	-0.0008373538063213102	11	-1.0440417015605588	2.9908905719041923	7KMN_A	0.0	0.000837003323455739
763	-0.005034672662132478	1	-1.0440417015605588	2.9908905719041923	7CG8_D	0.0	0.005022019940734434
764	-0.0017093921614606215	599	-1.0440402483065594	2.9908908446462683	6NJ3_A	0.0	0.0017079319828043312
765	-0.0009135116594292068	10	-1.0440402483065594	2.9908908446462683	4N7W_B	0.0	0.000913094534678988
766	-0.0006698269427512601	14	-1.0440402483065594	2.9908908446462683	5KOZ_L	0.0	0.0006696026587645912
767	-0.010094821571732743	0	-1.0440402483065594	2.9908908446462683	1BYF_B	0.0	0.010044039881468868
768	-0.13667249572251425	75	-1.044522437827702	2.990738828535713	6QF4_A	0.0	0.12774415312053672
769	-0.0008373538063213102	11	-1.044522437827702	2.990738828535713	1Y2X_D	0.0	0.000837003323455739
770	-0.0009135116594292068	10	-1.044522437827702	2.990738828535713	7EPW_A	0.0	0.000913094534678988
771	-0.00032405378625613467	30	-1.044522437827702	2.990738828535713	6UTB_A	0.0	0.00032400128649899573
772	-0.005034672662132478	1	-1.044522437827702	2.990738828535713	6GWA_A	0.0	0.005022019940734434
773	-9.658197044090445e-05	103	-1.044522437827702	2.990738828535713	1NPN_C	0.0	9.657730655258527e-05
774	-0.00012249579354078018	81	-1.044522437827702	2.990738828535713	2EL1_B	0.0	0.00012248829123742523
775	-0.019045777241656202	73	-1.0440846734029734	2.9908426069920795	5TBU_A	0.0	0.018865552413925034
776	-0.0004784020294078214	20	-1.0440846734029734	2.9908426069920795	7JR8_B	0.0	0.0004782876134032794
777	-0.010094821571732743	0	-1.0440846734029734	2.9908426069920795	3U97_A	0.0	0.010044039881468868
778	-0.0009135116594292068	10	-1.0440846734029734	2.9908426069920795	6QIM_B	0.0	0.000913094534678988
779	-0.010094821571732743	0	-1.0440846734029734	2.9908426069920795	1NT8_B	0.0	0.010044039881468868
780	-0.0033536304313357035	2	-1.0440846734029734	2.9908426069920795	1IH7_A	0.0	0.003348013293822956
781	-0.0033536304313357035	2	-1.0440846734029734	2.9908426069920795	5LTV_G	0.0	0.003348013293822956
782	-7.491962953129688	17	-1.0440846734029734	2.9908426069920795	4GK6_A	1.0	0.0005575474461052627
783	-0.001116627627922959	8	-1.0440846734029734	2.9908426069920795	1PWZ_B	0.0	0.0011160044312743186
784	-0.00010249545535184922	97	-1.0440846734029734	2.9908426069920795	5F1V_D	0.0	0.0001024902028721313
785	-0.010094821571732743	0	-1.0440846734029734	2.9908426069920795	3VB0_D	0.0	0.010044039881468868
786	-5.5188555176069526e-05	181	-1.0440846734029734	2.9908426069920795	6AUH_A	0.0	5.518703231576301e-05
787	-0.0033453162720935336	334	-1.0440622883613357	2.990848760888743	1V2Q_T	0.0	0.0033397269360494874
788	-0.005034672662132478	1	-1.0440622883613357	2.990848760888743	3ZS3_A	0.0	0.005022019940734434
789	-0.00038638386284192797	25	-1.0440622883613357	2.990848760888743	7PWD_G	0.0	0.0003863092262103411
790	-0.0006279496116868011	15	-1.0440622883613357	2.990848760888743	3F47_A	0.0	0.0006277524925918042
791	-0.005490703337136363	209	-1.0440223650463532	2.9908440008869563	1X19_A	0.0	0.005475656976531407
792	-0.010094821571732743	0	-1.0440223650463532	2.9908440008869563	1J3A_A	0.0	0.010044039881468868
793	-2.3914666623536176e-05	419	-1.0440223650463532	2.9908440008869563	5P0D_A	0.0	2.391438067016397e-05
794	-0.0025141678433108256	3	-1.0440223650463532	2.9908440008869563	5MJ0_B	0.0	0.002511009970367217
795	-0.0006698269427512601	14	-1.0440223650463532	2.9908440008869563	1P19_D	0.0	0.0006696026587645912
796	-0.0025141678433108256	3	-1.0440223650463532	2.9908440008869563	7F7R_A	0.0	0.002511009970367217
797	-0.0004018423230713914	24	-1.0440223650463532	2.9908440008869563	2NQ5_A	0.0	0.0004017615952587547
798	-0.0004566515167741858	21	-1.0440223650463532	2.9908440008869563	3LGW_A	0.0	0.000456547267339494
799	-0.0001271478282776078	78	-1.0440223650463532	2.9908440008869563	6XVW_B	0.0	0.00012713974533504896
800	-0.00016201376677102089	61	-1.0440223650463532	2.9908440008869563	3ZR1_B	0.0	0.00016200064324949786
801	-0.0020108283371680245	4	-1.0440223650463532	2.9908440008869563	2EWF_A	0.0	0.0020088079762937737
802	-0.0020108283371680245	4	-1.0440223650463532	2.9908440008869563	1NW7_A	0.0	0.0020088079762937737
803	-0.008893227826541438	458	-1.0440127544648534	2.9908485719356515	4JRB_A	0.0	0.00885380004261115
804	-0.005034672662132478	1	-1.0440127544648534	2.9908485719356515	4M7T_A	0.0	0.005022019940734434
805	-0.005034672662132478	1	-1.0440127544648534	2.9908485719356515	6R3R_A	0.0	0.005022019940734434
806	-0.0003348573878600796	29	-1.0440127544648534	2.9908485719356515	2P91_D	0.0	0.0003348013293822956
807	-0.00020090097687925506	49	-1.0440127544648534	2.9908485719356515	1MVK_L	0.0	0.00020088079762937736
808	-0.00016466994885139458	60	-1.0440127544648534	2.9908485719356515	6JOF_A	0.0	0.00016465639149948965
809	-0.00032405378625613467	30	-1.0440127544648534	2.9908485719356515	6ONH_A	0.0	0.00032400128649899573
810	-0.0016754093616929682	5	-1.0440127544648534	2.9908485719356515	1UWK_B	0.0	0.001674006646911478
811	-0.0006279496116868011	15	-1.0440127544648534	2.9908485719356515	7ETA_C	0.0	0.0006277524925918042
812	-0.0004018423230713914	24	-1.0440127544648534	2.9908485719356515	1CQ4_B	0.0	0.0004017615952587547
813	-0.013320400138108215	81	-1.0439591087731368	2.990849428937879	1CHW_B	0.0	0.013232076213130774
814	-0.0002870137525488073	34	-1.0439591087731368	2.990849428937879	1Z39_A	0.0	0.00028697256804196766
815	-0.010094821571732743	0	-1.0439591087731368	2.990849428937879	6N5P_A	0.0	0.010044039881468868
816	-0.029147530939816466	74	-1.0438220507806384	2.9908950573632747	6Q0D_F	0.0	0.028726838946247602
817	-0.005285074730578048	218	-1.043775400350589	2.99090739590205	3R22_A	0.0	0.0052711332944479754
818	-0.0002954565806875356	33	-1.043775400350589	2.99090739590205	5TVV_C	0.0	0.00029541293769026083
819	-0.0025141678433108256	3	-1.043775400350589	2.99090739590205	7DHP_B	0.0	0.002511009970367217
820	-0.0008373538063213102	11	-1.043775400350589	2.99090739590205	6DK0_C	0.0	0.000837003323455739
821	-0.0010049087398440258	9	-1.043775400350589	2.99090739590205	2CAI_B	0.0	0.0010044039881468869
822	-0.010094821571732743	0	-1.043775400350589	2.99090739590205	1XPP_D	0.0	0.010044039881468868
823	-0.0008373538063213102	11	-1.043775400350589	2.99090739590205	1R8X_B	0.0	0.000837003323455739
824	-0.010094821571732743	0	-1.043775400350589	2.99090739590205	7DZ9_F	0.0	0.010044039881468868
825	-0.0002232257992797805	44	-1.043775400350589	2.99090739590205	3PEC_C	0.0	0.00022320088625486374
826	-0.001116627627922959	8	-1.043775400350589	2.99090739590205	6CC7_A	0.0	0.0011160044312743186
827	-0.001116627627922959	8	-1.043775400350589	2.99090739590205	2WVY_C	0.0	0.0011160044312743186
828	-0.001116627627922959	8	-1.043775400350589	2.99090739590205	3X0V_B	0.0	0.0011160044312743186
829	-0.011207239982058914	746	-1.0437404693060957	2.9909159035438013	1I20_A	0.0	0.011144672821243741
830	-0.001116627627922959	8	-1.0437404693060957	2.9909159035438013	6P5U_F	0.0	0.0011160044312743186
831	-0.017482647331428444	2036	-1.0437307855567561	2.990917738717729	4NWU_L	0.0	0.01733071254841372
832	-0.005034672662132478	1	-1.0437307855567561	2.990917738717729	2XBZ_B	0.0	0.005022019940734434
833	-0.00011545539898780127	86	-1.0437307855567561	2.990917738717729	5ZWK_D	0.0	0.0001154487342697571
834	-0.010094821571732743	0	-1.0437307855567561	2.990917738717729	6AF0_P	0.0	0.010044039881468868
835	-0.0005910004817660512	16	-1.0437307855567561	2.990917738717729	5ZX8_A	0.0	0.0005908258753805217
836	-0.0006279496116868011	15	-1.0437307855567561	2.990917738717729	3WNI_A	0.0	0.0006277524925918042
837	-0.00018263558379878395	54	-1.0437307855567561	2.990917738717729	2VH6_B	0.0	0.0001826189069357976
838	-0.005034672662132478	1	-1.0437307855567561	2.990917738717729	4YHU_C	0.0	0.005022019940734434
839	-0.008153702949381798	458	-1.0437705073630765	2.9909076938520074	1IZI_B	0.0	0.008120551676554089
840	-0.0033536304313357035	2	-1.0437705073630765	2.9909076938520074	3OZH_A	0.0	0.003348013293822956
841	-0.005034672662132478	1	-1.0437705073630765	2.9909076938520074	5WQ3_C	0.0	0.005022019940734434
842	-4.079308372930589	1993	-1.0431251016647762	2.9910870510109366	6DC7_M	1.0	0.01691916335838448
843	-0.010094821571732743	0	-1.0431251016647762	2.9910870510109366	2Z0B_F	0.0	0.010044039881468868
844	-0.010094821571732743	0	-1.0431251016647762	2.9910870510109366	6QV5_A	0.0	0.010044039881468868
845	-0.0020108283371680245	4	-1.0431251016647762	2.9910870510109366	3R9A_D	0.0	0.0020088079762937737
846	-0.001116627627922959	8	-1.0431251016647762	2.9910870510109366	7F2A_F	0.0	0.0011160044312743186
847	-0.0033536304313357035	2	-1.0431251016647762	2.9910870510109366	1TT9_D	0.0	0.003348013293822956
848	-0.00023360960742453886	42	-1.0431251016647762	2.9910870510109366	5KNR_B	0.0	0.0002335823228248574
849	-0.00032405378625613467	30	-1.0431251016647762	2.9910870510109366	4O4T_A	0.0	0.00032400128649899573
850	-0.008867832377072797	458	-1.0431174789025721	2.9910909152092255	1RRX_A	0.0	0.008828629119762043
851	-0.010094821571732743	0	-1.0431174789025721	2.9910909152092255	2XGV_A	0.0	0.010044039881468868
852	-0.0014358932416694474	6	-1.0431174789025721	2.9910909152092255	5Z3I_A	0.0	0.0014348628402098382
853	-0.0009135116594292068	10	-1.0431174789025721	2.9910909152092255	4XU1_B	0.0	0.000913094534678988
854	-0.010977995300940157	1005	-1.043114922047782	2.991094157455089	5C2B_H	0.0	0.010917957011388207
855	-0.0026249385581812714	379	-1.0431181363376965	2.991092254941255	5GOG_B	0.0	0.0026214964194237506
856	-0.005156952644860333	390	-1.0431179569423317	2.9910922838130083	4YXA_F	0.0	0.005143678392602471
857	-0.0008373538063213102	11	-1.0431179569423317	2.9910922838130083	6HRY_B	0.0	0.000837003323455739
858	-0.0033536304313357035	2	-1.0431179569423317	2.9910922838130083	7YZV_A	0.0	0.003348013293822956
859	-0.04923589917577658	42	-1.0430184765888857	2.9911285993271073	4J3D_B	0.0	0.04804346255357598
860	-0.0007176888971816803	13	-1.0430184765888857	2.9911285993271073	6RLV_B	0.0	0.0007174314201049191
861	-0.00015944191465431794	62	-1.0430184765888857	2.9911285993271073	2ODW_A	0.0	0.0001594292044677598
862	-0.00010146009519910802	98	-1.0430184765888857	2.9911285993271073	5I8W_A	0.0	0.00010145494829766534
863	-0.0012562937918704166	7	-1.0430184765888857	2.9911285993271073	2A4K_B	0.0	0.0012555049851836085
864	-0.0025141678433108256	3	-1.0430184765888857	2.9911285993271073	3KSF_H	0.0	0.002511009970367217
865	-0.00018263558379878395	54	-1.0430184765888857	2.9911285993271073	2V58_B	0.0	0.0001826189069357976
866	-0.00035878006392302416	27	-1.0430184765888857	2.9911285993271073	1P8F_A	0.0	0.00035871571005245955
867	-0.0034922879738649186	297	-1.0430120414569304	2.9911303853469104	5V9U_B	0.0	0.0034861970287265887
868	-0.0020108283371680245	4	-1.0430120414569304	2.9911303853469104	6YB8_B	0.0	0.0020088079762937737
869	-3.5242866220644623e-05	284	-1.0430120414569304	2.9911303853469104	5G0O_B	0.0	3.524224519813638e-05
870	-0.00019696135407428915	50	-1.0430120414569304	2.9911303853469104	7B9Z_A	0.0	0.00019694195846017387
871	-0.0006279496116868011	15	-1.0430120414569304	2.9911303853469104	5FK8_B	0.0	0.0006277524925918042
872	-3.98580954402183e-05	251	-1.0430120414569304	2.9911303853469104	3E0P_B	0.0	3.985730111693995e-05
873	-0.017050405642851225	1752	-1.0429905842922085	2.991132711036857	1C5B_L	0.0	0.016905870105599748
874	-0.0005910004817660512	16	-1.0429905842922085	2.991132711036857	4JRZ_A	0.0	0.0005908258753805217
875	-0.0016754093616929682	5	-1.0429905842922085	2.991132711036857	6BZI_D	0.0	0.001674006646911478
876	-0.001116627627922959	8	-1.0429905842922085	2.991132711036857	6FOH_B	0.0	0.0011160044312743186
877	-0.0001674146777462742	59	-1.0429905842922085	2.991132711036857	6PG5_A	0.0	0.0001674006646911478
878	-0.0020108283371680245	4	-1.0429905842922085	2.991132711036857	5QIX_A	0.0	0.0020088079762937737
879	-0.0007729170758817969	12	-1.0429905842922085	2.991132711036857	5CRE_A	0.0	0.0007726184524206822
880	-4.601591195233524	0	-1.0429905842922085	2.991132711036857	2AVN_B	1.0	0.01003585402989473
881	-0.00020927272687365026	47	-1.0429905842922085	2.991132711036857	1I75_B	0.0	0.00020925083086393475
882	-0.010094821571732743	0	-1.0429905842922085	2.991132711036857	1YHN_B	0.0	0.010044039881468868
883	-0.008136846455528814	458	-1.0430310694806493	2.9911223018417394	1ZPA_A	0.0	0.008103831925812755
884	-7.971777961164377e-05	125	-1.0430310694806493	2.9911223018417394	6PSG_D	0.0	7.97146022338799e-05
885	-0.0008373538063213102	11	-1.0430310694806493	2.9911223018417394	6T8U_CCC	0.0	0.000837003323455739
886	-0.005034672662132478	1	-1.0430310694806493	2.9911223018417394	1MMF_M	0.0	0.005022019940734434
887	-0.010674039793340277	728	-1.0430539816660032	2.9911171995390466	4GCB_A	0.0	0.010617274382198021
888	-0.0033536304313357035	2	-1.0430539816660032	2.9911171995390466	6KII_A	0.0	0.003348013293822956
889	-0.00013573948085503999	73	-1.0430539816660032	2.9911171995390466	4NB6_B	0.0	0.00013573026866849823
890	-0.0005910004817660512	16	-1.0430539816660032	2.9911171995390466	4Q41_D	0.0	0.0005908258753805217
891	-0.0016754093616929682	5	-1.0430539816660032	2.9911171995390466	4JYO_X	0.0	0.001674006646911478
892	-5.700203483901634	2	-1.0430539816660032	2.9911171995390466	6ECU_B	1.0	0.0033452846766315763
893	-0.007671758976468292	139	-1.043026410708151	2.9911226055541786	2ZQ9_A	0.0	0.007642406144154055
894	-0.0020108283371680245	4	-1.043026410708151	2.9911226055541786	5VA4_A	0.0	0.0020088079762937737
895	-0.00014992228079052308	66	-1.043026410708151	2.9911226055541786	4QVA_B	0.0	0.00014991104300699802
896	-0.0007729170758817969	12	-1.043026410708151	2.9911226055541786	3L06_A	0.0	0.0007726184524206822
897	-8.100360232793611e-05	123	-1.043026410708151	2.9911226055541786	1NL6_B	0.0	8.100032162474893e-05
898	-0.0012562937918704166	7	-1.043026410708151	2.9911226055541786	4MGV_A	0.0	0.0012555049851836085
899	-9.38739376227196e-05	106	-1.043026410708151	2.9911226055541786	3O56_A	0.0	9.386953160251277e-05
900	-0.0012562937918704166	7	-1.043026410708151	2.9911226055541786	3BCX_B	0.0	0.0012555049851836085
901	-0.0033536304313357035	2	-1.043026410708151	2.9911226055541786	1OI7_A	0.0	0.003348013293822956
902	-0.0033536304313357035	2	-1.043026410708151	2.9911226055541786	6ALX_D	0.0	0.003348013293822956
903	-0.00037207068680557666	26	-1.043026410708151	2.9911226055541786	4GLU_F	0.0	0.00037200147709143955
904	-0.00015219400336633027	65	-1.043026410708151	2.9911226055541786	4MOW_D	0.0	0.000152182422446498
905	-0.010094821571732743	0	-1.043026410708151	2.9911226055541786	4C2L_A	0.0	0.010044039881468868
906	-0.0025141678433108256	3	-1.043026410708151	2.9911226055541786	4G97_A	0.0	0.002511009970367217
907	-0.017094235992123695	2004	-1.0430265893134276	2.9911230378513807	4YHI_L	0.0	0.016948958520383656
908	-0.0012562937918704166	7	-1.0430265893134276	2.9911230378513807	6AGH_B	0.0	0.0012555049851836085
909	-0.0006279496116868011	15	-1.0430265893134276	2.9911230378513807	6V06_A	0.0	0.0006277524925918042
910	-0.010094821571732743	0	-1.0430265893134276	2.9911230378513807	3VZA_F	0.0	0.010044039881468868
911	-0.00031392551575480264	31	-1.0430265893134276	2.9911230378513807	1K6M_B	0.0	0.0003138762462959021
912	-0.0020108283371680245	4	-1.0430265893134276	2.9911230378513807	2ZP9_O	0.0	0.0020088079762937737
913	-7.971777961164377e-05	125	-1.0430265893134276	2.9911230378513807	5FAQ_B	0.0	7.97146022338799e-05
914	-0.0008373538063213102	11	-1.0430265893134276	2.9911230378513807	6SZO_A	0.0	0.000837003323455739
915	-0.010094821571732743	0	-1.0430265893134276	2.9911230378513807	4NMY_B	0.0	0.010044039881468868
916	-0.0009135116594292068	10	-1.0430265893134276	2.9911230378513807	4BKM_D	0.0	0.000913094534678988
917	-0.029159857653045	74	-1.0428881908707772	2.9911691054549396	6MV8_D	0.0	0.028738811478179388
918	-0.010094821571732743	0	-1.0428881908707772	2.9911691054549396	6ISB_C	0.0	0.010044039881468868
919	-0.010674075466717836	728	-1.0429111023843436	2.9911640027590525	6H79_A	0.0	0.01061730967682092
920	-0.021761652064120004	212	-1.0427018015888097	2.9912193504756557	6VNF_B	0.0	0.02152657561897695
921	-0.00011038015629686354	90	-1.0427018015888097	2.9912193504756557	3LXI_B	0.0	0.00011037406463152603
922	-0.014766395678656357	191	-1.042786294526017	2.9911921763041196	5VMF_F	0.0	0.014657907109484263
923	-0.0004784020294078214	20	-1.042786294526017	2.9911921763041196	3G5A_F	0.0	0.0004782876134032794
924	-0.005034672662132478	1	-1.042786294526017	2.9911921763041196	3SIK_B	0.0	0.005022019940734434
925	-0.029531675808290254	69	-1.0427538672205556	2.991207760065468	4LOH_B	0.0	0.02909987689205906
926	-0.0007729170758817969	12	-1.0427538672205556	2.991207760065468	3KZC_A	0.0	0.0007726184524206822
927	-0.005599881586065488	176	-1.0427660678502115	2.9911996946802573	3RH1_A	0.0	0.005584231475725357
928	-0.02834878897774279	28	-1.0432088914632214	2.991200118567958	6FA9_A	0.0	0.027950732402708574
929	-0.00012400818106049063	80	-1.0432088914632214	2.991200118567958	2CU0_B	0.0	0.00012400049236381316
930	-0.0006698269427512601	14	-1.0432088914632214	2.991200118567958	4EOC_A	0.0	0.0006696026587645912
931	-0.0033536304313357035	2	-1.0432088914632214	2.991200118567958	2PYG_B	0.0	0.003348013293822956
932	-9.475958276888543e-05	105	-1.0432088914632214	2.991200118567958	3DC5_C	0.0	9.475509322140442e-05
933	-0.010094821571732743	0	-1.0432088914632214	2.991200118567958	1O0X_A	0.0	0.010044039881468868
934	-0.001116627627922959	8	-1.0432088914632214	2.991200118567958	4EWV_B	0.0	0.0011160044312743186
935	-0.0007176888971816803	13	-1.0432088914632214	2.991200118567958	5CR8_D	0.0	0.0007174314201049191
936	-0.020968009210905778	146	-1.043186560550975	2.991211074527601	6B8L_H	0.0	0.020749708942090883
937	-0.0035122874248648328	296	-1.043179343626879	2.991213399258173	4EPX_A	0.0	0.003506126558409348
938	-0.005034672662132478	1	-1.043179343626879	2.991213399258173	1MZO_B	0.0	0.005022019940734434
939	-0.0016754093616929682	5	-1.043179343626879	2.991213399258173	3C6Q_D	0.0	0.001674006646911478
940	-0.0004566515167741858	21	-1.043179343626879	2.991213399258173	7S0W_B	0.0	0.000456547267339494
941	-0.0006279496116868011	15	-1.043179343626879	2.991213399258173	1NP8_B	0.0	0.0006277524925918042
942	-0.011741086727680138	697	-1.0433580463508179	2.99119271892098	3W32_A	0.0	0.011672429136518739
943	-0.0006279496116868011	15	-1.0433580463508179	2.99119271892098	5GX8_B	0.0	0.0006277524925918042
944	-0.0001271478282776078	78	-1.0433580463508179	2.99119271892098	4R5W_B	0.0	0.00012713974533504896
945	-0.036390945768062066	26	-1.0435066221103404	2.991156180324791	2P3J_A	0.0	0.035736754849789006
946	-0.010094821571732743	0	-1.0435066221103404	2.991156180324791	6ERJ_B	0.0	0.010044039881468868
947	-0.0019765770495740994	517	-1.043507337354277	2.991153483245651	5R94_A	0.0	0.001974624907555854
948	-0.012155255653646013	933	-1.0434843377481988	2.99116039537899	6WEZ_L	0.0	0.01208167894991789
949	-0.0065499238318949705	457	-1.043488660842755	2.9911578542460715	2R43_B	0.0	0.00652851983779965
950	-0.0025141678433108256	3	-1.043488660842755	2.9911578542460715	1VA6_B	0.0	0.002511009970367217
951	-0.007794069245896761	257	-1.0434924710323958	2.9911547679167243	5Z0V_D	0.0	0.007763774246393965
952	-0.010094821571732743	0	-1.0434924710323958	2.9911547679167243	4OVY_A	0.0	0.010044039881468868
953	-0.010094821571732743	0	-1.0434924710323958	2.9911547679167243	5V8W_H	0.0	0.010044039881468868
954	-0.0016869785039028058	587	-1.0434949861644445	2.9911543839358252	5LLA_B	0.0	0.001685556355490155
955	-0.010094821571732743	0	-1.0434949861644445	2.9911543839358252	7MQQ_A	0.0	0.010044039881468868
956	-0.0025141678433108256	3	-1.0434949861644445	2.9911543839358252	6PGN_A	0.0	0.002511009970367217
957	-0.0033536304313357035	2	-1.0434949861644445	2.9911543839358252	4RS6_B	0.0	0.003348013293822956
958	-2.9741926015950146	89	-1.0520249428735757	2.989242965181033	3RTT_A	1.0	0.051088666264138494
959	-0.0025141678433108256	3	-1.0520249428735757	2.989242965181033	2X60_B	0.0	0.002511009970367217
960	-0.00010463088905255848	95	-1.0520249428735757	2.989242965181033	5DLH_A	0.0	0.00010462541543196737
961	-0.0025141678433108256	3	-1.0520249428735757	2.989242965181033	2XI8_B	0.0	0.002511009970367217
962	-0.010419091937511582	398	-1.0520090083058609	2.9892439293621527	3F9G_B	0.0	0.010365001220823525
963	-0.00031392551575480264	31	-1.0520090083058609	2.9892439293621527	5B6H_A	0.0	0.0003138762462959021
964	-4.7156228651886e-05	212	-1.0520090083058609	2.9892439293621527	6HJT_A	0.0	4.715511681440783e-05
965	-0.00014771737851986802	67	-1.0520090083058609	2.9892439293621527	2WG5_L	0.0	0.00014770646884513041
966	-0.010276316037141433	102	-1.051979731382729	2.9892536843198902	5MMG_A	0.0	0.010223695105521142
967	-0.0009135116594292068	10	-1.051979731382729	2.9892536843198902	2XGW_A	0.0	0.000913094534678988
968	-0.00025757265312815173	38	-1.051979731382729	2.9892536843198902	6GMT_A	0.0	0.00025753948414022735
969	-0.00027149738941802755	36	-1.051979731382729	2.9892536843198902	1JA0_B	0.0	0.00027146053733699646
970	-0.0016754093616929682	5	-1.051979731382729	2.9892536843198902	5Y01_A	0.0	0.001674006646911478
971	-0.005034672662132478	1	-1.051979731382729	2.9892536843198902	2Q58_B	0.0	0.005022019940734434
972	-0.00025757265312815173	38	-1.051979731382729	2.9892536843198902	4KBZ_A	0.0	0.00025753948414022735
973	-0.001116627627922959	8	-1.051979731382729	2.9892536843198902	4NST_D	0.0	0.0011160044312743186
974	-0.0016754093616929682	5	-1.051979731382729	2.9892536843198902	2OLG_A	0.0	0.001674006646911478
975	-0.017494364691033524	1694	-1.0519670710556008	2.9892541761854017	5I8K_L	0.0	0.0173422267703693
976	-0.0016754093616929682	5	-1.0519670710556008	2.9892541761854017	4DXK_A	0.0	0.001674006646911478
977	-0.00032405378625613467	30	-1.0519670710556008	2.9892541761854017	2RKX_A	0.0	0.00032400128649899573
978	-0.001116627627922959	8	-1.0519670710556008	2.9892541761854017	5Y0V_A	0.0	0.0011160044312743186
979	-0.005034672662132478	1	-1.0519670710556008	2.9892541761854017	3Q58_B	0.0	0.005022019940734434
980	-0.0014358932416694474	6	-1.0519670710556008	2.9892541761854017	4FB8_B	0.0	0.0014348628402098382
981	-0.001116627627922959	8	-1.0519670710556008	2.9892541761854017	5W1X_O	0.0	0.0011160044312743186
982	-0.014325808023458612	194	-1.0520694218876003	2.989218148602892	4BGW_B	0.0	0.014223681897100077
983	-0.00014557639111226222	68	-1.0520694218876003	2.989218148602892	4KZO_C	0.0	0.00014556579538360678
984	-0.0008373538063213102	11	-1.0520694218876003	2.989218148602892	1E5V_C	0.0	0.000837003323455739
985	-0.0001731880975974749	57	-1.0520694218876003	2.989218148602892	3ESJ_A	0.0	0.00017317310140463566
986	-0.0006279496116868011	15	-1.0520694218876003	2.989218148602892	1NON_D	0.0	0.0006277524925918042
987	-0.00011414333093706918	87	-1.0520694218876003	2.989218148602892	6G3L_A	0.0	0.0001141368168348735
988	-0.0033536304313357035	2	-1.0520694218876003	2.989218148602892	5KLF_A	0.0	0.003348013293822956
989	-0.01033667155855976	98	-1.0520646131296514	2.989218944644985	6B2K_A	0.0	0.010283431767753735
990	-0.0033536304313357035	2	-1.0520646131296514	2.989218944644985	4DL0_K	0.0	0.003348013293822956
991	-0.028520381295718666	69	-1.05211492592169	2.9891971390835397	6A06_B	0.0	0.028117514280068694
992	-0.010094821571732743	0	-1.05211492592169	2.9891971390835397	2V3M_F	0.0	0.010044039881468868
993	-0.0001271478282776078	78	-1.05211492592169	2.9891971390835397	1UK0_B	0.0	0.00012713974533504896
994	-0.9266696150935418	12	-1.0677950842808264	2.986760537569664	7OV2_A	1.0	0.3958699166135565
995	-0.010094821571732743	0	-1.0677950842808264	2.986760537569664	2GAU_A	0.0	0.010044039881468868
996	-0.0008373538063213102	11	-1.0677950842808264	2.986760537569664	3JPU_E	0.0	0.000837003323455739
997	-0.0014358932416694474	6	-1.0677950842808264	2.986760537569664	6CZF_D	0.0	0.0014348628402098382
998	-0.00020090097687925506	49	-1.0677950842808264	2.986760537569664	3VAW_A	0.0	0.00020088079762937736
